--
-- PostgreSQL database dump
--

SET statement_timeout = 0;
SET lock_timeout = 0;
SET client_encoding = 'UTF8';
SET standard_conforming_strings = on;
SET check_function_bodies = false;
SET client_min_messages = warning;

SET search_path = public, pg_catalog;

--
-- Data for Name: rating; Type: TABLE DATA; Schema: public; Owner: web
--

COPY rating (id, num_votes, rate, security_role, permalink, created_at) FROM stdin;
5	2	3.5	\N	\N	2015-05-25 11:25:08
4	2	3.5	\N	\N	2015-05-25 11:24:58
2	2	3.0	\N	\N	2015-05-25 11:19:31
7	1	3.0	\N	\N	2015-05-27 20:57:24
8	1	3.0	\N	\N	2015-05-27 21:07:40
9	1	2.0	\N	\N	2015-05-27 21:08:52
10	1	5.0	\N	\N	2015-05-27 21:26:26
11	1	2.0	\N	\N	2015-05-27 21:26:29
12	1	4.0	\N	\N	2015-05-27 21:26:36
13	1	5.0	\N	\N	2015-05-27 21:26:55
14	1	5.0	\N	\N	2015-05-27 21:32:19
6	2	4.5	\N	\N	2015-05-27 15:09:00
15	1	4.0	\N	\N	2015-05-27 22:38:05
16	1	3.0	\N	\N	2015-05-27 22:41:41
18	1	5.0	\N	\N	2015-05-28 10:23:37
30	1	3.0	\N	\N	2015-06-10 17:39:36
31	1	2.0	\N	\N	2015-06-10 17:40:26
17	2	3.0	\N	\N	2015-05-27 23:09:18
21	1	4.0	\N	\N	2015-06-05 14:06:00
22	1	5.0	\N	\N	2015-06-09 15:36:47
23	1	5.0	\N	\N	2015-06-09 15:36:47
32	1	4.0	\N	\N	2015-06-10 17:40:43
25	1	3.0	\N	\N	2015-06-09 15:48:40
26	1	5.0	\N	\N	2015-06-10 12:05:35
34	1	2.0	\N	\N	2015-06-10 17:57:45
19	2	5.0	\N	\N	2015-05-29 12:13:37
24	2	3.0	\N	\N	2015-06-09 15:37:02
27	1	5.0	\N	\N	2015-06-10 12:07:43
28	1	3.0	\N	\N	2015-06-10 12:20:20
29	1	4.0	\N	\N	2015-06-10 17:38:24
36	1	5.0	\N	\N	2015-06-11 10:37:55
35	1	2.0	\N	\N	2015-06-11 10:36:55
33	1	1.0	\N	\N	2015-06-10 17:56:30
20	2	4.0	\N	\N	2015-06-03 15:52:31
\.


--
-- Data for Name: thread; Type: TABLE DATA; Schema: public; Owner: web
--

COPY thread (id, permalink, is_commentable, num_comments, last_comment_at) FROM stdin;
2	http://188.93.242.46:3001/api/v1/books/22/comments.json	t	1	2015-06-02 12:44:04
5	http://23.102.11.50:3000/api/v1/reviews/14/comments.json	t	1	2015-06-04 11:17:08
1	http://188.93.242.46:3001/api/v1/books/42/comments.json	t	7	2015-06-04 12:00:18
3	http://188.93.242.46:3001/api/v1/reviews/7/comments.json	t	8	2015-06-05 11:07:25
6	http://23.102.11.50:3000/api/v1/books/32/comments.json	t	2	2015-06-05 14:08:05
7	http://23.102.11.50:3000/api/v1/reviews/17/comments.json	t	1	2015-06-08 15:15:17
8	http://23.102.11.50:3000/api/v1/books/10/comments.json	t	2	2015-06-10 12:59:54
4	http://23.102.11.50:3000/api/v1/books/43/comments.json	t	4	2015-06-10 17:51:48
9	http://23.102.11.50:3000/api/v1/books/44/comments.json	t	1	2015-06-10 23:47:01
10	http://23.102.11.50:3000/api/v1/reviews/25/comments.json	t	1	2015-06-11 12:26:12
11	http://23.102.11.50:3000/api/v1/reviews/26/comments.json	t	1	2015-06-11 16:38:12
12	http://23.102.11.50:3000/api/v1/books/29/comments.json	t	1	2015-06-11 17:10:51
\.


--
-- Data for Name: books; Type: TABLE DATA; Schema: public; Owner: web
--

COPY books (id, thread_id, rating_id, name, description, isbn, filepath, page_number, created, updated) FROM stdin;
4	\N	6	Пять пороков команды	<p>Основной упор автор сделал на описание пороков команды и привел наглядный пример, как можно от них избавиться. Книга небольшая, поэтому приводить ее в более краткий вариант не вижу смысла. В качестве напоминания и для размышлений приведу 5 добродетелей команды:</p><p>Доверие &mdash; основа любых взаимоотношений<img src="http://logunovsi.ru/wp-content/uploads/2014/09/%D0%BF%D0%B8%D1%80%D0%B0%D0%BC%D0%B8%D0%B4%D0%B0-%D0%BA-%D0%BE%D0%B1%D0%B5%D0%B7%D1%8C%D1%8F%D0%BD%D0%B0%D0%BC.jpg" alt="пирамида к обезьянам" width="247" height="220" class="fr-dii fr-fin"></p><p>Конструктивный конфликт</p><p>Ответственность</p><p>Требовательность</p><p>Заинтересованность в результате</p><p>Проверьте, соответствует ли ваша команда этим требованиям. Если да, то успех не избежен! Если нет, немедленно займитесь устранением пороков.</p><p>&nbsp;</p><p>Предлагаемая ниже анкета &ndash; самый простой диагностический инструмент для оценки восприимчивости вашей команды к пяти порокам. В конце анкеты вы найдете краткое объяснение, как свести полученные результаты в таблицу и интерпретировать полученные данные.<br>Очень важно, чтобы все члены вашей команды ответили на вопросы анкеты и ознакомились с результатами, а затем открыто обсудили расхождения в ответах и сделали выводы.</p><p>Инструкции<br>С помощью трехбалльной системы оцените, насколько каждое утверждение подходит вашей команде. Отвечайте откровенно и быстро.</p><p>3 = всегда<br>2 = иногда<br>1 = редко</p><p>1. Члены нашей команды горячо и открыто обсуждают любые вопросы и проблемы.<br>2. Члены нашей команды открыто критикуют друг друга за недостатки и непродуктивное поведение.<br>3. Члены нашей команды знают, над чем работают их коллеги и какой вклад они вносят в достижение общей цели команды.<br>4. Члены нашей команды искренне и сразу же приносят извинения, если им случается задеть кого-то из коллег или непреднамеренно нанести ущерб командной работе.<br>5. Члены нашей команды готовы пожертвовать чем-то (премией, славой, штатной единицей) ради блага всей команды.<br>6. Члены нашей команды открыто признают свои слабости и ошибки.<br>7. Совещания нашей команды очень интересны, на них никогда не бывает скучно.<br>8. Члены нашей команды после совещания уверены в том, что их коллеги полностью поддерживают принятые решения и будут их выполнять, даже если сначала не были согласны с ними.<br>9. Атмосфера в нашей команде в значительной степени зависит от успеха в достижении целей.<br>10. На совещаниях нашей команды непременно рассматриваются самые важные и самые трудные вопросы; по ним обязательно принимаются конкретные решения.<br>11. Члены нашей команды делают все, чтобы не подвести своих коллег.<br>12. Члены нашей команды знают все о личной жизни друг друга и спокойно обсуждают ее.<br>13. Члены нашей команды заканчивают обсуждение всех вопросов четкими и ясными резолюциями.<br>14. Члены нашей команды контролируют выполнение планов и качество работы друг друга.<br>15. Члены нашей команды не хвастаются своими достижениями, но с удовольствием признают успехи коллег.</p><p>Обработка результатов<br>Скомбинируйте ответы на вопросы, как показано в таблице.</p><p><img src="http://logunovsi.ru/wp-content/uploads/2014/09/%D1%80%D0%B5%D0%B7%D1%83%D0%BB%D1%8C%D1%82%D0%B0%D1%82%D1%8B-%D0%BA-%D0%BF%D1%8F%D1%82%D0%B8-%D0%BF%D0%BE%D1%80%D0%BE%D0%BA%D0%B0%D0%BC.jpg" alt="результаты к пяти порокам" width="573" height="232" class="fr-dii fr-fin"></p><p>Интерпретация</p><p>8&ndash;9 &ndash; этого порока у вас нет.<br>6&ndash;7 &ndash; существует угроза развития этого порока.<br>3&ndash;5 &ndash; надо срочно принимать меры.</p><p>Независимо от ваших показателей помните, что с каждой командой необходимо постоянно работать, потому что без этого даже лучшие коллективы неизбежно подвержены характерным порокам команды.</p>	\N	5564ad27d22ba.jpg	\N	2015-05-26 20:24:28	2015-05-27 15:09:01
16	\N	\N	Спиральная динамика	<p>К этой книге не надо торопиться приступать. Тем более с нее начинать. Однако, именно в ней я обнаружил важную аббревиатуру, которая характеризует современного руководителя. ВОА.&nbsp;<em>Вежливость, открытость, авторитаризм.</em>Только прежде чем пользоваться этой формулой убедитесь, что ваши компетенции действительно хороши. Иначе будете выглядеть в лучшем случае смешно!</p>	\N	5564b558736c3.jpg	\N	2015-05-26 21:03:04	2015-05-26 21:03:53
17	\N	\N	Дао Тойота	\N	\N	55656b0582932.jpg	\N	2015-05-27 09:58:13	2015-05-27 09:58:13
19	\N	\N	Построенные навечно	\N	\N	55656c5f2d993.jpg	\N	2015-05-27 10:03:59	2015-05-27 10:03:59
20	\N	\N	Жизненный цикл корпорации	\N	\N	55656c955b249.jpg	\N	2015-05-27 10:04:53	2015-05-27 10:04:53
21	\N	\N	Идеальный руководитель	\N	\N	55656d358c184.jpg	\N	2015-05-27 10:07:33	2015-05-27 10:07:33
23	\N	\N	Гений переговоров	\N	\N	55656dded7ef8.jpg	\N	2015-05-27 10:10:22	2015-05-27 10:10:22
24	\N	\N	Хозяин слова	\N	\N	55656e0819506.jpg	\N	2015-05-27 10:11:04	2015-05-27 10:11:04
25	\N	\N	Язык тела для лидеров	\N	\N	55656e67c6cac.jpg	\N	2015-05-27 10:12:39	2015-05-27 10:12:39
26	\N	\N	Я слышу вас насквозь	\N	\N	55656f0947e4e.jpg	\N	2015-05-27 10:15:21	2015-05-27 10:15:21
27	\N	\N	Идеальный питч	\N	\N	55656f514519d.jpg	\N	2015-05-27 10:16:33	2015-05-27 10:16:33
5	\N	7	Boss	\N	\N	5564aff135cd2.jpg	\N	2015-05-26 20:40:01	2015-05-27 20:57:25
6	\N	8	Доставляя счастье	\N	\N	5564b0eb5ef57.jpg	\N	2015-05-26 20:44:11	2015-05-27 21:07:40
7	\N	9	Искренний сервис	\N	\N	5564b120e287f.jpg	\N	2015-05-26 20:45:04	2015-05-27 21:08:52
8	\N	10	Технология жизни. Книга для героев	\N	\N	5564b16ebaba7.jpg	\N	2015-05-26 20:46:22	2015-05-27 21:26:26
9	\N	11	Мистика лидерства	\N	\N	5564b198e5e38.jpg	\N	2015-05-26 20:47:04	2015-05-27 21:26:29
11	\N	13	Психология влияния	\N	\N	5564b30f7981c.jpg	\N	2015-05-26 20:53:19	2015-05-27 21:26:55
13	\N	14	Виртуозный маркетинг	\N	\N	5564b3d58b249.jpg	\N	2015-05-26 20:56:37	2015-05-27 21:32:19
12	\N	15	Стратегия голубого океана	\N	\N	5564b3a070a13.jpg	\N	2015-05-26 20:55:44	2015-05-27 22:38:05
18	\N	16	От хорошего к великому	<ol>  <li>    <h5><strong>От хорошего к великому</strong></h5>  </li></ol><blockquote>  <p><em>Хорошее &ndash; враг великого,</em></p>  <p><em>И это одна из основных причин,</em></p>  <p><em>Почему у нас так мало чего-то</em></p>  <p><em>По-настоящему великого.</em></p></blockquote><p>&nbsp;</p><p>Это проблема не только бизнеса. Это проблема общечеловеческая. Превратить хорошую компанию в великую можно в самой неблагоприятной ситуации.</p><p>Отбор 11 компаний, отнесенных к категории выдающихся результатов (великих) и компаний прямого сравнения (не ставших великими), занял у авторов книги 6 месяцев. Детальному описанию этого процесса посвящено целое приложение к книге, которое сегодня не обязательно переписывать. Вот краткие выводы по результатам этого отбора:</p><p>&mdash; Существует отрицательная корреляция между приглашением известных руководителей со стороны и выдающимися результатами деятельности компаний. В 10 из 11 рассматриваемых компаний генеральные директора были выбраны среди собственных сотрудников, а в сравниваемых компаниях в шесть раз чаще высшее руководство приходило извне.</p><p>&mdash; Нет связи между особыми формами вознаграждения генеральных директоров и переходом от хорошего к великому. Данные не подтверждают, что структура и методы вознаграждения высшего руководства являются ключевыми для достижения корпоративного совершенства.</p><p>&mdash; Стратегия как таковая не отличает хорошие компании от великих. И те, и другие имели хорошо проработанные стратегии, и у нас нет данных о том, что компании, добившиеся выдающихся результатов, тратили больше времени и сил на выработку своих стратегий.</p><p>&mdash; Компании, которые добились выдающихся результатов, в принципе не фокусировались на том, что делать, чтобы стать великими; они фокусировались на том, чего не делать, и на том, что надо перестать делать немедленно.</p><p>&mdash; Технологии не имеют, в сущности, ничего общего с переходом от хорошего к великому. Технологии могут ускорить процесс преобразований, но не могут служить их причиной.</p><p>&mdash; Слияния и поглощения не играют практически никакой роли в активизации перехода; две большие посредственности, слитые воедино, никогда не превратятся в одну великую компанию.</p><p>&mdash; Компании, осуществившие переход, уделяли мало внимания управлению изменениями, мотивации сотрудников и дисциплине. При благоприятных условиях проблемы ответственности, дисциплины, мотивации или боязни перемен разрешались сами собой.</p><p>&mdash; В компаниях, осуществивших переход, не придумывали название, не праздновали начало и не составляли планов трансформации. Некоторые руководители даже признавались, что вначале и не подозревали о масштабе перемен, происходящих на их предприятии. Действительно, эти компании добились революционных перемен в результате своей деятельности, но не революционном путем.</p><p>&mdash; Компании, которые добились выдающихся результатов, в общем, не представляли процветающие отрасли, и некоторые осуществляли свою деятельность в неблагоприятных секторах экономики. У нас нет примеров, которым по чистому везению случилось оказаться сидящими в ракете, взлетевшей в небо. Выдающийся успех &ndash; это не игра случая, а, как оказалось, вполне осознанный выбор.</p><p>&nbsp;</p><p><strong>Модель &laquo;От хорошего к великому&raquo;.&nbsp;</strong>Процесс преобразований можно представить в виде накопления потенциала и следующего за ним стремительного роста; три основные составляющие этого процесса &ndash; дисциплинированные люди, дисциплинированное мышление, дисциплинированные действия.</p><p>Один из важных аспектов &ndash; наличие в момент перехода в компании руководителя 5-го уровня. Спокойные, незаметные, сдержанные и даже застенчивые, эти руководители представляют необычную комбинацию скромности и профессиональной воли.</p><p>Сначала кто, затем что. Выяснилось, что сначала они подбирают нужных людей, избавляются от ненужных, добиваются того, чтобы нужные люди занимали нужные места, и только затем решают, а куда же, собственно, они держат путь. Старое утверждение &laquo;кадры решают все&raquo; оказывается неверным. Не просто кадры решают все, а нужные кадры.</p><p>Смотрите суровым фактов в лицо (но не теряйте веры).&nbsp; Вы должны продолжать верить в победу, несмотря ни на какие невзгоды, но в то же время иметь мужество смотреть в лицо действительности, какой бы суровой она ни была.</p><p><strong>&laquo;Концепция ежа&raquo;, или три пересекающихся круга.</strong>&nbsp;Чтобы добиться выдающихся результатов, необходимо выйти за пределы &laquo;проклятия компетентности&raquo;. Если что-то является вашими ключевым бизнесом, компетенцией, и вы занимаетесь этим многие годы, а, может, и десятилетия, это совсем не означает, что вы лучший специалист в мире. А если вы не достигли мирового уровня в том, что является для вас ключевым видом деятельности, этот вид деятельности не может служить для вас основой создания великой компании.</p><p><strong>Культура дисциплины.</strong>&nbsp;Когда у вас работают дисциплинированные люди, вам не нужна иерархия. Когда у вас дисциплинированное мышление, вам не нужна бюрократия. Когда у вас дисциплинированные действия, вам не нужен избыточный контроль. Соединив культуру дисциплины с предпринимательской этикой, вы получите волшебную смесь, позволяющую добиться выдающихся результатов.</p><p><strong>Технологии как акселераторы.</strong>&nbsp;Компании, которые добились выдающихся результатов, отводят технологиям особую роль. Они никогда не рассматривают технологии как основной фактор, с которого начинаются трансформации. И все-таки, как это ни парадоксально, именно великие компании являются пионерами в применении многих технологий, которые были ими тщательно отобраны. Авторы пришли к заключению, что используемые технологии сами по себе ни при каких обстоятельствах не могут ни сделать компанию великой, ни стать причиной её неудач.</p><p><strong>Маховик и порочный круг.</strong>&nbsp;Те, кто начинает революционные преобразования, масштабные программы реструктуризации и трансформации, определенно не смогут добиться выдающихся результатов. Какими бы ни были конечные цели, переход от хорошего к великому нельзя осуществить одним махом. Процесс напоминает вращение гигантского маховика в одном направлении.</p><p><strong>От &laquo;От хорошего к великому&raquo; к &laquo;Построенным навечно&raquo;.&nbsp;</strong>Для осуществления этого заключительного рывка необходимо, чтобы компания обладала ключевыми ценностями и смыслом, выходящими за пределы стремления к прибыли, и все это в сочетании с принципом &laquo;стимулируя прогресс, сохраняя суть&raquo;.</p><p>&nbsp;</p><ol start="2">  <li>    <h5><strong>Руководители 5-го уровня</strong></h5>  </li></ol><blockquote>  <p><em>Вы можете добиться чего угодно в жизни при условии, что вам будет не важно, кому достанутся лавры.</em></p>  <p><em>Гарри Трумэн</em></p></blockquote><p>Традиционно, мы каждый раз видим причину всех бед и побед в руководстве компаний. Концепция &laquo;руководителей 5-го уровня&raquo; вступает в противоречие с расхожим мнением о том, что для осуществления преобразований на предприятиях позарез нужны &laquo;спасители&raquo;, признанные лидеры с высокой самооценкой.</p><p>&nbsp;</p><table>  <tbody>    <tr>      <td width="193">5-й уровень</td>      <td width="419">Руководство позволяет добиться исключительных и долгосрочных результатов благодаря парадоксальному сочетанию выдающихся личностных качеств и твердой профессиональной воли.</td>    </tr>    <tr>      <td width="193">4-й уровень</td>      <td width="419">Эффективный руководитель. Формулирует &laquo;видение&raquo; будущего компании и последовательно добивается того, чтобы компания продвигалась по намеченному пути. Обеспечивает высокие стандарты качества работы.</td>    </tr>    <tr>      <td width="193">3-й уровень</td>      <td width="419">Компетентный менеджер. Организует людей, рационально распределяет ресурсы с целью выполнения поставленных задач.</td>    </tr>    <tr>      <td width="193">2-й уровень</td>      <td width="419">Ценный член команды. Вносит личный вклад в достижение целей, стоящих перед компанией, эффективно работает с другими членами команды</td>    </tr>    <tr>      <td width="193">1-й уровень</td>      <td width="419">Высокопрофессиональный сотрудник. Вносит вклад через активное использование своих способностей, знаний, опыта и умения организовать свой труд.</td>    </tr>  </tbody></table><p>&nbsp;</p><p><strong>Скромность + воля = 5-й уровень</strong></p><p>Руководители 5-го уровня являют собой пример амбивалентности, ибо они одновременно скромные и волевые, застенчивые и отважные.</p><p>Важный аспект, которому руководители великих компаний уделяли внимание &ndash; воспитание преемника. В 75 % компаний, отобранных для сравнения, главы фирм обрекли своих преемников на провал, выбрали слабых преемников или сделали и то, и другое.</p><p>Важный вывод, который сделан в книге: руководитель 5-го уровня не состоит на услужении у своей компании, он не &laquo;лидер-слуга&raquo;. Руководители 5-го уровня фанатически преданы своему делу, заражены стремлением добиться результатов. Они продадут заводы или уволят своего брата, если это будет необходимо для процветания компании.(СИ: хотелось бы обсудить этот тезис с Коллинзом и его коллегами, потому что они выбрали для себя только американские компании. Но &laquo;Тойота&raquo; достигла своих успехов в том числе благодаря управлению, через посыл &laquo;лидер-слуга&raquo;)</p><p>Руководители 10 из 11 компаний, которые добились выдающихся результатов, были назначены из числа сотрудников компаний, трое из них унаследовали семейный бизнес. Компании в сравнительном анализе обращались за внешней помощью в шесть раз чаще, и все-таки им не удалось добиться долгосрочных результатов, которые можно было назвать выдающимися.</p><p>&nbsp;</p><table>  <tbody>    <tr>      <td width="277">Профессиональная воля</td>      <td width="311">Скромность</td>    </tr>    <tr>      <td width="277">Добивается исключительных результатов, основной акселератор процесса перехода от хорошего к великому</td>      <td width="311">Скромен, не ищет широкой известности, не хвастается</td>    </tr>    <tr>      <td width="277">Демонстрирует непоколебимое стремление сделать все, что должно быть сделано для достижения долгосрочных результатов, пренебрегает трудностями</td>      <td width="311">Действует в спокойной, последовательной манере, добивается высокого качества работы, соблюдает высочайшие стандарты, не рассчитывает на личное обаяние</td>    </tr>    <tr>      <td width="277">Устанавливает стандарты долгосрочного успеха компании, никогда не соглашаясь ни на что меньшее</td>      <td width="311">Реализует свои честолюбивые устремления через успех компании, а не как личный успех, выбирает последователей, способных добиться еще более выдающихся результатов</td>    </tr>    <tr>      <td width="277">Смотрит в зеркало, а не в окно, когда речь идет об ответственности за неудовлетворительные результаты, никогда не списывает вину на коллег, на внешние обстоятельства или невезение</td>      <td width="311">Смотрит в окно, а не в зеркало, когда речь идет об успехе, приписывая заслуги другим сотрудникам, внешним факторам и чистому везению</td>    </tr>  </tbody></table><p>&nbsp;</p><p><strong>Как достичь 5-го уровня</strong></p><p>Гипотеза автора: &laquo;В мире существует две категории людей: те, у кого нет способностей стать руководителем 5-го уровня, и те, у кого они есть. Люди первой категории никогда, даже через миллион лет, не будут способны подчинить свои нужды более великой цели: созданию чего-то большего и более долговечного, чем они сами. Люди такого типа всегда будут трудиться только во имя того, что они получают за свой труд: славу, деньги, признание, власть, но не во имя того, чтобы что-то создать, построить, развить. Вторая категория людей &ndash; и я подозреваю, что&nbsp;<strong>их большинство&nbsp;</strong>&ndash; состоит из тех, кто может стать руководителем 5-го уровня. Они обладают всеми необходимыми качествами, которые могут быть скрыты, или они просто не отдают себе отчета в том, что обладают ими. При правильном подходе &ndash; самоанализ, саморазвитие, наставничество, любящие родители, жизненный опыт, работа с руководителем 5-го уровня &ndash; эти качества начинают развиваться&raquo;.</p><p>&nbsp;</p><p><strong>Выводы</strong></p><p>&mdash; Во главе каждой компании, добившейся великих результатов, в период преобразований стоял руководитель 5-го уровня.</p><p>&mdash; 5-й уровень &ndash; вершина иерархии. Руководители 5-го уровня сочетают в себе выдающиеся человеческие качества и профессиональную волю. Они честолюбивы, но их честолюбие проявляется не в желании личного успеха и признания, а в достижении успеха своих предприятий.</p><p>&mdash; Руководители 5-го уровня делают все возможное, чтобы их преемники добились еще более выдающихся результатов, в то время как руководители, движимые эгоизмом, часто ответственны за неудачи своих последователей.</p><p>&mdash; Руководители 5-го уровня скромны, что неизменно вызывает симпатию, не любят шумихи вокруг собственной персоны, незаметны. Руководители компаний, которые использовались для сравнения, напротив, обладают чрезмерным самомнением, зачастую приводящим к тому, что после их ухода компании либо испытывают затянувшийся спад, либо их деятельность характеризуется посредственными результатами.</p><p>&mdash; Руководители 5-го уровня &ndash; это не то же самое, что &laquo;лидеры-слуги&raquo;. Они фанатически преданы своему делу, неизлечимо больны стремлением добиваться выдающихся результатов в течение длительного времени. Их отличает исключительная целеустремленность и готовность сделать все необходимое для успеха своих компаний, невзирая на масштаб принимаемых решений, ни на то, с каким трудом эти решения даются.</p><p>&mdash; Руководителя 5-го уровня отличает усердие, которое сродни усердию простых рабочих &ndash; они больше похожи на рабочих лошадок, чем на породистых скакунов.</p><p>&mdash; Когда компания добивается успеха, руководители 5-го уровня &laquo;смотрят в окно&raquo;, приписывая все заслуги кому-то еще, но не себе. Однако, когда компания сталкивается с трудностями, они &laquo;смотрят в зеркало&raquo; и принимают всю ответственность на себя. Руководители компаний, которые использовались в сравнительном анализе, делают прямо противоположное.</p><p>&mdash; Одна из самых губительных тенденций последнего времени &ndash; это стремление (особенно со стороны многих правлений компаний) нанимать извне снискавших славу менеджеров, не замечая потенциальных руководителей 5-го уровня внутри компании.</p><p>&mdash; Потенциальных руководителей 5-го уровня вокруг нас много, надо только знать, как искать; многие люди имеют все необходимые качества, чтобы достичь 5-го уровня.</p><p>&nbsp;</p><p><strong>Неожиданные выводы</strong></p><p>&mdash; Корреляция между работой известных, снискавших популярность руководителей, приглашенных со стороны, и случаями, когда компания добивается выдающихся результатов,&nbsp;-&nbsp;отрицательная. Лишь в одной из 11 компаний, которые добились выдающихся результатов, глава компании был выбран не из среды собственных менеджеров, в то время как в компаниях прямого сравнения руководителей со стороны приглашали в шесть раз чаще.</p><p>&mdash; Руководители 5-го уровня приписывают свой успех удаче, а не собственным заслугам.</p><p>&nbsp;</p><p>&nbsp;</p><ol start="3">  <li>    <h5><strong>Сначала кто, затем что</strong></h5>  </li></ol><blockquote>  <p><em>Наступят времена, когда мы никого не сможем больше ждать. Вы либо едете с нами на автобусе, либо не едете.</em></p>  <p><em>Кен Кизи</em></p></blockquote><p>Когда начиналось это исследование, то ожидалось, что одним из первых шагов руководителей на пути от хорошего к великому станет выбор направления развития, выработка видения будущего компании, стратегии, и только затем подбор кадров, способных осуществить эту стратегию.</p><p>Однако, было обнаружено нечто прямо противоположное.</p><p>Руководители великих компаний не задавались вопросом, куда им плыть, чтобы потом подобрать людей под выбранное направление. Нет, они сначала удостоверялись, что все нужные люди на борту (а все ненужные за бортом), и только потом решали, куда же им двигаться. По сути они говорили: &laquo;Послушайте, я на самом деле не знаю, куда надо плыть. И все, что я знаю, это то, что если на корабле будут нужные люди и они будут на нужных местах, а ненужные люди останутся на берегу, то мы как-нибудь разберемся, куда плыть, чтобы добраться туда, где нам будет хорошо&raquo;.</p><p>Лидеры великих компаний знают три простые истины:</p><ol>  <li>Если вы начнете с вопроса &laquo;кто?&raquo;, а не &laquo;что?&raquo;, вам легче будет приспособиться к окружающему миру.</li>  <li>Если у вас на борту нужные люди, то проблема мотивации и управления, в принципе, исчезает сама собой. Нужные люди не нуждаются в непосредственном руководстве или стимулах: у них достаточно самомотивации, обусловленной внутренним стремлением добиться исключительных результатов и участвовать в создании чего-то великого.</li>  <li>Если у вас на борту не те люди, то уже не важно, сможете ли вы выбрать правильное направление, &mdash; вам все равно не удастся создать великую компанию. Великая стратегия без великих людей бесполезна.</li></ol><p>Важный посыл из истории Wells Fargo: &laquo;наймите лучших людей, помогите им стать лучшими менеджерами отрасли, но будьте готовы к тому, что некоторые из них уйдут, чтобы возглавить другие компании&raquo; &ndash; и тут же история про модель &laquo;слабые генералы&raquo; Bank of America. В то время как менеджеры Wells Fargo действовали как одна команда, как равноправные партнеры, обсуждая и дискутируя в поиске лучших решений, бездарные генералы Bank of America ожидали указаний сверху.</p><p>Важно, кому вы платите, а не как вы платите. Не обнаружено никакой связи между зарплатой высшего руководства и достижением исключительных результатов. Факты просто не подтверждают предположения о том, что структура оплаты труда главы компании является ключевым фактором перехода от хорошего к великому.</p><p>Да, система вознаграждения и стимулирования важна, но причина, по которой она важна в компаниях, добившихся выдающихся результатов, особая. Цель здесь &ndash; не заставить вести себя правильно людей, которые не соответствуют своим должностям, а привлечь в команду людей, которые бы им соответствовали, и сделать так, чтобы они не уходили.</p><p>Позиция Nucor: нанимаем пятерых, заставляем их работать за десятерых и платим как восьмерым. Они отказались от трюизма (банальности) о том, что &laquo;люди &ndash; ваш основной ресурс&raquo;. Если вы стремитесь добиться результатов, не просто люди являются вашим основным ресурсом, а нужные вам люди.</p><p>Определяя, кто является нужным, в великих компаниях уделяли больше внимания характеру человека, а не его образованию, опыту работы или специализации. Нельзя сказать, что знания или опыт не важны, но в этих компаниях справедливо считали, что этому можно научить или научиться. Черты характера, рабочая этика, интеллект, стремление добиться результатов, система ценностей намного важнее.</p><p>&nbsp;</p><p><strong>Строгий, но не безжалостный</strong></p><p>Внутренняя культура великих компаний не характеризуется жестокостью, это скорее строгая дисциплина.</p><p>Быть строгим &ndash; значит последовательно применять высокие стандарты в любое время и на самом высоком уровне, но особенно на самом высоком. Быть строгим, а не жестоким означает, что лучшие специалисты не должны волноваться по поводу сохранения своего рабочего места и могут отдать все силы выполнению своих прямых обязанностей.</p><p>Как стать строгим:</p><p><strong>Первый принцип</strong>:&nbsp;<strong>если сомневаетесь, не нанимайте, продолжайте искать.</strong></p><p>Закон Паккарда: &laquo;Ни одна компания не может наращивать свои продажи быстрее, чем растет ее способность нанимать нужных ей людей. Если рост ваших продаж опережает рост числа ваших сотрудников, вы не создадите, просто не сможете создать великую компанию&raquo;.</p><p>Основной ускоритель роста &ndash; это не рынок, не технологии, не конкуренция, не продукты. Фактор, который важнее всех остальных, &ndash; это способность найти и удержать нужных компании людей.</p><p><strong>Второй принцип:</strong>&nbsp;<strong>когда вы знаете, что вам надо менять людей, действуйте не откладывая.</strong></p><p>Позволять людям, чьи способности не соответствуют требованиям, оставаться в компании &ndash; нечестно по отношению к талантливым сотрудникам, поскольку они неизбежно будут чувствовать, что им приходится расплачиваться за неадекватную работу коллег. Хуже того, лучшие сотрудники начнут уходить. Хорошие сотрудники мотивируются успехом, но, когда им приходится работать за других, и это сводит их усилия на нет, они быстро разочаровываются. Также нечестно слишком долго раздумывать перед тем, как что-то предпринять и по отношению к людям, которые должны уйти. Каждая минута, которую вы держите человека на месте, зная, что он все равно не сможет работать в компании, &ndash; это трата его времени.</p><p>Для великих компаний были характерны две тенденции: люди либо оставались в команде очень долго, либо покидали судно в спешке. Другими словами, у великих компаний текучка не была выше &ndash; она была качественно другой. Чтобы узнать наверняка, что кто-то не на своем месте или его надо увольнять, требуется время. Тем не менее, когда руководители великих компаний знали, что им надо менять людей, они действовали.</p><p>Откуда вы знаете, что знаете? Задайте себе два вопроса. Первый: если бы вам опять нужно было бы решить, нанимать ли этого сотрудника, наняли бы вы его снова? Второй: если бы этот сотрудник пришел к вам и сказал, что уходит, стали бы вы его удерживать или, втайне, почувствовали бы облегчение?</p><p><strong>Третий принцип:</strong>&nbsp;<strong>предоставьте вашим лучшим людям работать в областях, где у вас наибольшие возможности, а не наибольшие проблемы.</strong></p><p><strong>Выводы:</strong></p><p>&mdash; Руководители великих компаний начали преобразования с того, что набрали нужных команде людей (и избавились от людей ненужных), и только потом решили, куда они поплывут.</p><p>&mdash; Вопрос &laquo;кто?&raquo; важнее вопроса &laquo;что?&raquo;, и важнее видения, стратегии, организационной структуры, тактики. &laquo;Сначала кто, затем что&raquo; &ndash; это твердый принцип, которому неизменно следовали руководители великих компаний.</p><p>&mdash; Компании, которые использовались для сравнения, часто следовали модели &laquo;Гений с 1000 помощников&raquo;, в которой талантливый руководитель вырабатывает видение того, что должно быть сделано, а потом набирает команду способных помощников, которые претворяют это видение в жизнь. Эта модель перестает работать, как только &laquo;гений&raquo; уходит.</p><p>&mdash; Руководители великих компаний строги, но не жестоки в принятии решений относительно персонала. В своей деятельности они не опираются на сокращения и реструктуризацию, чтобы добиться результатов. Компании прямого сравнения гораздо чаще прибегают к сокращениям.</p><p>&mdash; Управленческие команды великих компаний состоят из людей, ожесточенно спорящих по поводу решений, но действующих единой командой при их осуществлении, невзирая на личные амбиции.</p><p><strong>Неожиданные выводы:</strong></p><p>&mdash; Не обнаружена взаимосвязь между оплатой труда руководителей и результатами, которых добиваются компании. Вознаграждение служит не тому, чтобы заставить неправильных людей делать правильные вещи, но тому, чтобы привлечь и удержать достойнейших. Старый трюизм &laquo;люди &ndash; ваш основной ресурс&raquo; не верен. Не просто люди, а подходящие люди &ndash; ваш основной ресурс.</p><p>&mdash; Подходит ли вам человек &ndash; вопрос скорее его характера и способностей, а не знаний, опыта или образования.</p><p>&nbsp;</p><ol start="4">  <li>    <h5><strong>Смотрите суровым фактам в лицо (но все же не теряйте веры)</strong></h5>  </li></ol><blockquote>  <h5><em>Нет худшей ошибки для общественного деятеля,&nbsp;</em><em>чем подавать пустые надежды,&nbsp;</em><em>которым вскоре суждено испариться.</em></h5>  <p><em>Уинстон Черчилль</em></p></blockquote><p>Великие компании отличает две формы дисциплинированного мышления. Первая &ndash; учет фактов суровой действительности. (Вторая &ndash; рассматривается в следующей главе, это &ndash; то, что они разработали простую, но перспективную модель принятия решений.)</p><p>Важный аспект, который необходимо выделить: пытаться мотивировать людей &ndash; пустая трата времени. Если у вас сильная команда, у нее будет достаточно самомотивации и энтузиазма. Важный вопрос: как управлять людьми так, чтобы они не растеряли свой энтузиазм? И самый верный способ демотивации людей &ndash; давать им пустые надежды, которые вскоре рухнут под напором реальности.</p><p>Как создать климат, в котором правда бывает услышана?</p><p>Четыре основных принципа:</p><ol>  <li>Руководите с помощью вопросов, а не ответов.</li>  <li>Вовлекая в диалог и спор, избегайте принуждения.</li>  <li>Производите вскрытие, не устанавливая, кто виноват в смерти.</li>  <li>Создайте механизм красных флажков. Мы живем в век информации, в котором тот, кто обладает большей и лучшей информацией, имеет преимущество. Однако, надо помнить, что ключ не в наличии информации, а в способности превратить её в факты, которыми нельзя пренебречь.</li></ol><p><strong>Парадокс Стокдейла:&nbsp;</strong>сохраняйте веру, и, в конце концов, вы победите, но также смотрите в глаза самой суровой правде жизни.</p><p><strong>Основные выводы:</strong></p><p>&mdash; Все великие компании начали путь к успеху с того, что посмотрели в лицо суровой действительности.</p><p>&mdash; Когда вы честно пытаетесь понять ситуацию, в которой находитесь, правильные решения зачастую становятся очевидными. Невозможно принимать правильные решения без того, чтобы не смотреть суровым фактам в лицо.</p><p>&mdash; Важнейшей задачей компании, которая стремится к выдающимся результатам, является создание такого климата, в котором сотрудники могут высказывать свое мнение открыто, а в итоге это означает, что в компании не скрывают правду, и она услышана.</p><p>&mdash; Великие компании столкнулись с не меньшим количеством трудностей, но по-другому на них реагировали. Они трезво оценивали ситуацию. В результате они преодолели трудности и стали еще сильнее.</p><p>&mdash; Харизма является достоинством и недостатком одновременно, поскольку сила лидера может привести к тому, что подчиненные начнут скрывать реальные факты.</p><p>&mdash; Как лидер вы не должны начинать с выработки видения будущего &ndash; вы должны заставить людей открыто смотреть на реальность и работать над оценкой возможных последствий.</p><p>&mdash; Все, что нужно, &ndash; это обеспечить отсутствие демотивирующих факторов. Верный путь к демотивации персонала &ndash; это пренебрежение фактами.</p><p>&nbsp;</p><ol start="5">  <li>    <h5><strong>&laquo;Концепция ежа&raquo;, или три пересекающихся круга.</strong></h5>  </li></ol><blockquote>  <p><em>Познай самого себя</em></p>  <p><em>Надпись в Дельфах по Платону</em></p>  <p><em>(выражение приписывается Фалесу)</em></p></blockquote><p>В знаменитом эссе &laquo;Еж и лиса&raquo; Исайя Берлин поделил мир на &laquo;ежей&raquo; и &laquo;лис&raquo;, опираясь на древнегреческую притчу: лиса знает много разного, еж знает что-то одно, но очень важное. &laquo;Лисы&raquo; стремятся к нескольким целям одновременно и видят мир во всей сложности. Они разбрасываются, пытаясь добиться сразу многого, говорит Берлин, &ndash; их мышление не объединено концепцией или видением&raquo;. &laquo;Ежи&raquo;, со своей стороны, упрощают мир, сводя его к простой организующей идее, принципу или концепции, которая связывает все воедино и направляет их действия. Неважно, насколько сложен мир, &laquo;еж&raquo; сводит все вопросы и проблемы к упрощенной, иногда даже примитивной, &laquo;ежу&raquo; понятной идее. Для &laquo;ежа&raquo; все, что не вписывается в его собственную концепцию, не имеет значения.</p><p>Концепция &laquo;ежа&raquo; &ndash; это концепция, представленная в виде трех пересекающихся кругов и дающая ответы на три вопроса:</p><ol>  <li>В чем вы можете быть лучше всех в мире (и, что одинаково важно, в каком виде деятельности вы не можете быть лучшими в мире)? Тот факт, что вы обладаете ключевой компетенцией, не обязательно означает, что в этом вы лучшие в мире. И наоборот, то, в чем вы можете стать лучшим в мире, может оказаться не тем, чем вы занимаетесь в настоящее время.</li>  <li>Как работает ваша экономическая модель? Все великие компании обладали исключительным пониманием того, как максимизировать денежные потоки и добиться высоких норм рентабельности. Более того, все они использовали некий ключевой показатель, &laquo;общий делитель&raquo; &ndash; прибыль на Х &ndash; изменения которого оказывали решающее влияние на все их экономические показатели. (Это может быть поток денежных средств на Х в социальном секторе.)</li>  <li>Что вы особенно любите делать? Великие компании отдавали все свои силы тем видам деятельности, к которым у них была настоящая страсть. Идея не в том, чтобы разогреть страсть сотрудников к какому-то виду деятельности, &ndash; идея в том, чтобы открыть, что по-настоящему увлекает тех, кто работает в компании.</li></ol><p>Чтобы выработать &laquo;концепцию ежа&raquo;, необходимы все три круга. Концепция &laquo;ежа&raquo; &mdash; это не цель стать лучшими, не стратегия стать лучшими, не намерение стать лучшими. Это понимание того, в чем вы можете быть лучшими. Важно понимать, что, если вы не можете быть лучшим в мире в своем ключевом виде деятельности, тогда ваш ключевой бизнес не может стать основой вашей концепции &laquo;ежа&raquo;.</p><p><strong>Чтобы перейти от хорошего к великому требуется преодолеть &laquo;проклятье компетентности&raquo;. Необходимо мужество, чтобы признать: &laquo;То, что мы умеем делать это хорошо, зарабатываем деньги и растем, совсем не значит, что мы можем стать в этом лучшими&raquo;. В компаниях, которые добивались выдающихся результатов, понимали, что, если продолжать делать то, что хорошо получается, можно добиться только хороших результатов. Фокусироваться на том, что вы можете делать лучше, чем какая бы то ни было другая организация, &ndash; вот единственный путь к великим результатам.</strong></p><p>Исследования Коллинза и его команды ясно показывают, что нет необходимости принадлежать к успешной отрасли, чтобы стать великой компанией. Каждая компания, добившаяся выдающихся результатов, создала собственную экономическую машину, невзирая на ситуацию в отрасли. Они были способны добиться этого, поскольку имели глубокое понимание того, что составляет основу их экономической деятельности. В качестве примеров здесь автор приводит такие показатели как прибыль на одного сотрудника и прибыль на одну тонну стали (по сути, на единицу продукции).</p><p>Авторы приводят пример Совета, который призван стимулировать развитие организации:</p><p>А) Совет существует для того, чтобы добиться понимания важнейших проблем, с которыми сталкивается организация.</p><p>Б) В Совет входят представители высшего руководства, он служит интересам высшего руководства, обычно в него входят от пяти до двенадцати членов.</p><p>В) Каждый член Совета должен иметь возможность спорить и обсуждать ответы на вопросы, но не исходить при этом из честолюбия или собственнических интересов.</p><p>Г) Каждый член Совета должен уважать других членов Совета, все члены Совета равны без исключения.</p><p>Д) Члены Совета исходят из разного видения перспективы, но каждый член Совета имеет глубокое знание аспектов деятельности организации или среды, в которой она работает.</p><p>Е) Совет включает ведущих руководителей компании, но не только, и не каждый высший руководитель должен быть членом Совета.</p><p>Ж) Совет &ndash; постоянно действующая структура, а не комитет, собранный по случаю на специальный проект.</p><p>З) Совет встречается периодически, не чаще раза в неделю, но не реже раза в квартал.</p><p>И) Совет не стремится к консенсусу, понимая, что такие решения часто противоречат лучшим решениям.</p><p>К) Совет &ndash; неформальный орган, он не включен в организационную структуру и не имеет устава.</p><p><strong>Основные выводы:</strong></p><p>&mdash; Главное &ndash; понять, в какой области ваша организация может быть лучшей в мире, и одинаково важно понять, в чем она не может быть лучшей в мире; но не в чем она хотела бы быть лучшей в мире. Концепция &laquo;ежа&raquo; &ndash; это не цель, не стратегия, это понимание.</p><p>&mdash; Если вы не можете быть лучшими в мире в вашем основном бизнесе, то он не может служить основой для вашей концепции &laquo;ежа&raquo;.</p><p>&mdash; Понимание того, в чем вы можете быть лучшими в мире, &ndash; это более жесткий стандарт, чем &laquo;ключевая компетенция&raquo;. У вас может быть компетенция, но не обязательно есть способности стать лучшим в мире в рамках своей компетенции. С другой стороны, существует много сфер деятельности, в которых вы могли бы стать лучшими в мире, но это не область вашей сегодняшней компетенции.</p><p>&mdash; Поймите, что является движущей силой вашего бизнеса, ищите такой показатель результатов вашей деятельности (прибыль на Х или, в социальном секторе, &ndash; поток денежных средств на Х), изменения которого в наибольшей степени отражают динамику вашей деятельности.</p><p>&mdash; Великие компании ставили цели и вырабатывали стратегии, опираясь на понимание ситуации, в которой они находились. Компании, которые использовались для сравнения, были движимы собственным бахвальством.</p><p>&mdash; Выработка &laquo;концепции ежа&raquo; &ndash; это повторяющийся процесс. Полезным инструментом может быть Совет.</p><p><strong>Неожиданные заключения:</strong></p><p>&mdash; Компании, которые добились выдающихся результатов, похожи на ежей &ndash; простоватых неповоротливых существ, которые знают что-то очень важное и придерживаются этого. Компании, которые использовались для сравнения, больше похожи на лис &ndash; пронырливых, хитрых, знающих очень много разного, но не последовательных.</p><p>&mdash; В среднем у великих компаний уходило четыре года, чтобы выработать собственную &laquo;концепцию ежа&raquo;.</p><p>&mdash; Стратегии как таковые не отличают великие компании от компаний прямого сравнения. У тех и у других была стратегия, и нет доказательств, что великие компании тратили больше сил или времени на стратегическое планирование.</p><p>&nbsp;</p><ol start="6">  <li>    <h5><strong>Культура дисциплины</strong></h5>  </li></ol><blockquote>  <h5><em>Свобода &ndash; это еще не все,&nbsp;</em><em>свобода &ndash; это только половина правды&hellip;&nbsp;</em><em>Вот почему я предлагаю, чтобы статую Свободы&nbsp;</em><em>на восточном берегу дополнили&nbsp;</em><em>статуей Ответственности на западном.</em></h5>  <p><em>Виктор Франкл</em></p></blockquote><p><em>&nbsp;</em>Объединив две взаимодополняющие силы &ndash; культуру дисциплины и этику предпринимательства &ndash; вы получите волшебную смесь для достижения исключительных результатов и долгосрочного успеха.</p><p>Интересен пример компании Abbott, в которой финансовая дисциплина сочеталась с нестандартным мышлением и творческим подходом. Они использовали финансовую дисциплину как способ обеспечить достаточно средств для творческой деятельности. Они смогли снизить процент административных издержек от объема продаж, добившись самого низкого показателя по отрасли, и в то же время сумели стать машиной, постоянно выбрасывающей новые разработки на рынок, совсем как 3М, получая до 65 % от продаж за счет продукции, запущенной в течение последних 4 лет.</p><p>Такой творческий дуализм наблюдался во всех сферах деятельности Abbott в период трансформации, являясь неотъемлемой частью ее корпоративной культуры. С одной стороны, Abbott наняла руководителей-предпринимателей и предоставила им свободу. С другой &ndash; всем следовало принять жесткие принципы компании и ответственность за результат. У руководителей была свобода, но свобода в определенных рамках. Abbott также культивировала стремление к предприимчивой гибкости (&laquo;Мы узнали, что планирование бесценно, но планы бесполезны&raquo;, &ndash; сказал один из руководителей Abbott.) Но в Abbott также были способны сказать нет тем возможностям, которые не укладывались в теорию трех кругов. Поощряя новаторство в своих подразделениях, Abbott в то же время сохраняла фанатичную верность своей &laquo;концепции ежа&raquo; &ndash; снижению издержек в здравоохранении.</p><p>Необходимо создать такую культуру, при которой бы люди действовали дисциплинированно и последовательно. Это значит следующее:</p><ol>  <li>Создайте культуру, которая опиралась бы на принципы свободы и ответственности в рамках одной концепции.</li>  <li>Сделайте субъектами этой культуры дисциплинированных людей, которые готовы на все в силу своей ответственности.</li>  <li>Не путайте культуру дисциплины с тиранией.</li>  <li>Следуйте &laquo;концепции ежа&raquo;, придерживаясь трех кругов. Не менее важно создать список того, чего не надо делать, и последовательно отказаться от всего лишнего.</li></ol><p>Однако нельзя забывать, что дисциплинированные действия без людей, обладающих самодисциплиной, невозможны, а дисциплинированные действия без дисциплинированного мышления &ndash; это верный путь к катастрофе. Дисциплина сама по себе не производит великих результатов. Есть много примеров организаций, у которых была прекрасная дисциплина и которые ровным строем промаршировали к полному краху. Идея состоит в том, что сначала нужны люди, обладающие самодисциплиной, и только затем можно переходить к дисциплинированным действиям в рамках системы, которая построена на основе &laquo;концепции ежа&raquo;.</p><p>&nbsp;</p><p><strong>Полощите творог</strong></p><p>В ходе исследования чаще всего встречались такие слова, как &laquo;дисциплина&raquo;, &laquo;старательность&raquo;, &laquo;настойчивость&raquo;, &laquo;тщательность&raquo;, &laquo;рвение&raquo;, &laquo;трудолюбие&raquo;, &laquo;разборчивость&raquo;, &laquo;систематический&raquo;, &laquo;методичный&raquo;, &laquo;работящий&raquo;, &laquo;требовательный&raquo;, &laquo;последовательный&raquo;, &laquo;сфокусированный&raquo;, &laquo;ответственный&raquo;. Люди в великих компаниях отличались исключительным чувством ответственности, доходящим иногда до фанатизма. Это и стали называть &laquo;полоскать свой творог&raquo;. Аналогия была позаимствована у атлета мирового класса Дэйва Скотта, который каждый день проводил тренировки и верил, что низкокалорийная диета с высоким содержанием белка будет ему только на пользу. Поэтому он буквально полоскал свой творог, чтобы снизить его жирность, тогда, когда он в этом практически не нуждался.</p><p>В значительной степени ответ на вопрос, как перейти от хорошего к великому, &ndash; в способности сделать все необходимое, чтобы стать лучшим в выбранной области, и последовательном процессе дальнейших улучшений.</p><p>Каждый хотел бы стать лучшим, но большинство организаций не обладают дисциплиной, чтобы добиться ясного понимания без примеси тщеславия, в чем они могут быть лучшими, и не имеют силы воли, чтобы сделать все необходимое для реализации своего потенциала. Им не хватает дисциплины, чтобы &laquo;прополоскать свой творог&raquo;.</p><p>&nbsp;</p><p><strong>Три круга&nbsp;&nbsp;</strong><strong>Nukor</strong></p><p>Nukor с оборотом в $3,5 млрд попала в список Fortune 500, имея только четыре уровня управления и всего 25 человек в головном офисе, включая высшее руководство, финансовый отдел и секретарей. Дополнительные выплаты и прочие блага, предоставляемые руководству, не были выше, чем у простых рабочих. На самом деле у руководства было меньше благ.</p><p>1 круг: Жажда уничтожения классовых различий и создания эгалитарной меритократии, которая связала бы интересы менеджмента и рабочих с финансовыми задачами компании.</p><p>2 круг: Лучшими в мире могли бы стать, связав воедино культуру и технологии, чтобы производить сталь с низкой себестоимостью</p><p>3 круг: Экономический показатель: прибыль на тонну готовой стали.</p><p>&laquo;Концепция ежа&raquo;&nbsp; Nukor&nbsp; проста и понятна: интересы рабочих должны совпадать с интересами менеджеров.</p><p>&nbsp;</p><p><strong>Перечислите то, что надо перестать делать</strong></p><p>В компаниях, достигших выдающихся результатов, составление бюджета &ndash; это, в первую очередь, поиск ответа на вопрос, какие виды деятельности должны получить полное финансирование, а какие не получать его вообще. Другими словами, составление бюджета &ndash; это не попытка определить, сколько получит каждый вид деятельности, а попытка ответить на вопрос, какие виды деятельности согласуются с &laquo;концепцией ежа&raquo; и должны всецело укрепляться, а какие должны быть устранены.</p><p>Самая эффективная инвестиционная стратегия &ndash; это ограниченные инвестиции в области, которые верно выбраны.</p><p>&nbsp;</p><p><strong>Основные выводы:</strong></p><p>&mdash; Достижение долгосрочных результатов зависит от способности компании создать такую корпоративную культуру, которая опирается на дисциплинированных людей, демонстрирующих дисциплинированность действий в рамках концепции трех кругов.</p><p>&mdash; Бюрократическая культура компенсаторна, ее сопровождают некомпетентность и недостаток дисциплины. Если у вас правильно подобрана команда, а все лишние люди покинули корабль, вам не нужна бюрократия.</p><p>&mdash; Культура дисциплины характеризуется некоторым дуализмом. С одной стороны, она требует, чтобы люди подчинялись правилам системы, но с другой стороны, она предоставляет людям свободу и ответственность в рамках этой системы.</p><p>&mdash; Культура дисциплины &ndash; это не только действия. Это &ndash; привлечение дисциплинированных людей с дисциплинированным мышлением, которые затем дисциплинированно действуют.</p><p>&mdash; Компании, которые добились выдающихся результатов, кажутся совершенно обычными и даже скучными, когда смотришь извне; но при близком знакомстве оказывается, что в них работают люди, которые полны энергии и самоотверженности (они &laquo;полощут свой творог&raquo;).</p><p>&mdash; Не путайте культуру дисциплины с тиранией, которая добивается дисциплины, &ndash; это разные подходы: один &ndash; исключительно эффективный, другой &ndash; исключительно неэффективный. Директорам-мессиям, которые добиваются дисциплины силой, обычно не удается достичь долгосрочных результатов.</p><p>&mdash; Последняя, самая важная форма дисциплины &ndash; это фанатичное следование принципам &laquo;концепции ежа&raquo; и готовность отказаться от возможностей, которые не вписываются в пространство трех кругов.</p><p>&nbsp;</p><p><strong>Неожиданные заключения</strong></p><p>&mdash; Чем больше у организации дисциплины, чтобы оставаться внутри трех кругов с исступленной настойчивостью, тем больше у нее будет возможностей для роста и развития.</p><p>&mdash; Если что-то является &laquo;уникальным шансом, который выпадает раз в жизни&raquo;, то отсюда не следует, что за это стоит хвататься, &ndash; за исключением случаев, когда это вписывается в пространство трех кругов. У великих компаний бывает много уникальных шансов.</p><p>&mdash; Цель составления бюджета в компаниях, которые добились выдающихся результатов,&nbsp;&ndash; не решить, сколько инвестировать в каждый вид деятельности, а создать механизм, чтобы решать, какие виды деятельности согласуются с &laquo;концепцией ежа&raquo; и должны получить полное финансирование, а какие не должны получать финансирование вовсе.</p><p>&mdash; Список того, что надо прекратить делать, важнее списка того, что нужно сделать.</p><p>&nbsp;</p><p>&nbsp;</p><ol start="7">  <li>    <h5><strong>Технологии как акселераторы</strong></h5>  </li></ol><blockquote>  <p><em>Большинство людей скорее умрут, чем станут думать. Многие так и делают.</em></p>  <p><em>Бертран Рассел</em></p></blockquote><p>При правильном применении технологии становятся акселератором роста компаний, но не его творцом. Великие компании никогда не начинали преобразований с внедрения новых технологий &ndash; по той простой причине, что вы не сможете по-настоящему использовать технологии до тех пор, пока не поймете, какие технологии вам нужны. А это какие? Те и только те, которые напрямую связаны с тремя кругами в &laquo;концепции ежа&raquo;.</p><p>80% руководителей великих компаний даже не упомянули технологии среди факторов, определивших переход к выдающимся результатам. Более того, в случаях, когда они действительно упомянули технологии, им отводилось, в среднем, лишь четвертое место, и только двое руководителей из 84 поставили их на первое место.</p><p>Кен Иверсон, возглавлявший Nukor во время перехода, не назвал технологии даже пятыми. &laquo;Основными факторами&raquo;, &ndash; сказал он, &ndash; были последовательность и понимание нашей философии всей организацией, и все это благодаря отсутствию многоуровневой иерархии и бюрократии&raquo;.</p><p>Надо понимать, что посредственные результаты &ndash; это прежде всего следствие плохого руководства, а не плохой технологии. На самом деле бездумная ставка на технологии &ndash; это пассив, а не актив.</p><p>&nbsp;</p><p><strong>Основные выводы:</strong></p><p>&mdash; Компании, которые добились выдающихся результатов, иначе относятся к вопросу внедрения новых технологий и процессу преобразований, обусловленных появлением новых технологий. Они не следуют моде на технологии и не пытаются угнаться за уходящим поездом, хотя они зачастую становятся пионерами во внедрении отдельных, тщательно выбранных технологий.</p><p>&mdash; Основной вопрос относительно технологий: согласуется ли данная технология с концепцией ведения бизнеса каждой компании, &laquo;концепцией ежа&raquo;? Если да, то вам необходимо либо добиться соответствия, либо игнорировать эту технологию.</p><p>&mdash; Великие компании используют технологии как акселератор роста, а не его причину. Ни одна из этих компаний не начала преобразования с внедрения новой технологии, хотя все они стали пионерами во внедрении какой-то технологии, если она согласовывалась с их концепцией бизнеса.</p><p>&mdash; Самые передовые технологии, разработанные компаниями, добившимися выдающихся результатов, будучи даже бесплатно отданы конкурентам, все равно не смогут обеспечить тем аналогичные результаты.</p><p>&mdash; Реакция компании на технологичные изменения &ndash; хороший индикатор ее сокровенного стремления к величию, а не прозябанию. Для великих компаний характерен вдумчивый и изобретательный подход, основанный на стремлении превратить существующий потенциал в конкретные результаты; посредственные компании хватаются за быстрые решения в страхе отстать от других.</p><p>&nbsp;</p><p><strong>Неожиданные заключения:</strong></p><p>&mdash; Факты не подтверждают гипотезы, что технологический прогресс &ndash; основная причина упадка некогда великих компаний (или прозябания других). Конечно, компании не хотят отставать и надеются стать великими, но технологии сами по себе никогда не являются основной причиной роста или упадка.</p><p>&mdash; В 84 интервью с руководителями компаний, добившихся выдающихся результатов, 80% управленцев не упомянули технологии среди пяти ключевых факторов трансформации. Это справедливо даже для компаний, которые снискали славу новаторов в применении технологий, таких как Nukor.</p><p>&mdash; &laquo;Ползти, идти, бежать&raquo; &ndash; может быть очень эффективным приемом во время радикальных и стремительных перемен.</p><p>&nbsp;</p><ol start="8">  <li>    <h5><strong>Маховик и порочный круг</strong></h5>  </li></ol><blockquote>  <p><em>Революция означает поворот колеса.</em></p>  <p><em>Игорь Стравинский</em></p></blockquote><p><strong>Наращивание потенциала и стремительный рост.</strong></p><p>Компании, которые добились выдающихся результатов, не имели названий для своих программ трансформации. Не было торжественного начала программы, плана или чувства, что что-то делается по разработанной схеме. Некоторые руководители говорили, что они даже не знали, что в компании происходят кардинальные преобразования, до тех пор, пока не оказались в середине этого процесса. Все стало очевидным постфактум. Основы будущих побед закладывались год за годом, вырабатывая принципы подбора игроков, создавая философию команды и стратегию атаки.</p><p>Компании, которые добились выдающихся результатов, тоже подвергались давлению Уолл-стрит, как и компании прямого сравнения. Но все же успешные компании демонстрировали больше терпения и дисциплины, раскручивая маховик, несмотря на временные трудности. И, в конце концов, им удалось добиться исключительных результатов, с точки зрения той же Уолл-стрит.</p><p>Огромная сила заключена в самом процессе последовательных улучшений. Укажите на реальные результаты, которые сначала могут быть не значительными, и покажите, как достигнутое укладывается в общую концепцию развития бизнеса. Если вы сделаете это так, что люди увидят и почувствуют, что потенциал растет, они встретят ваши усилия с энтузиазмом.</p><p>Почему компании, достигшие выдающихся результатов, были успешнее, поглощая другие компании, особенно при крупных поглощениях? Ключ к успеху в том, что они осуществляли крупные поглощения после того, как разработали свою &laquo;концепцию ежа&raquo;, а маховик набрал обороты. Они использовали поглощения как ускоритель вращения маховика, а не источник.&nbsp;<em>Две посредственности, соединенные вместе, никогда не станут одной великой компанией</em>.</p><p>Концепция маховика как обобщающая идея заключается в том, что каждый элемент системы оказывает воздействие на другие ее элементы, и вместе они образуют единое целое, намного более мощное, чем сумма отдельно взятых частей. В физике это называется когерентность &ndash; когда один фактор оказывает усиливающее воздействие на другой. Тогда 1&nbsp;+&nbsp;1&nbsp;=&nbsp;4!!!</p><table width="643">  <tbody>    <tr>      <td width="321"><strong>Признаки того, что у компании маховик</strong></td>      <td width="321"><strong>Признаки того, что компания в порочном круге</strong></td>    </tr>    <tr>      <td width="321">Добиваются последовательности, согласуя все действия со своей &laquo;концепцией ежа&raquo;, неизменно остаются внутри пространства, очерченного тремя кругами.</td>      <td width="321">Хроническая непоследовательность, шарахание из стороны в сторону, уходят далеко от точки пересечения трех кругов.</td>    </tr>    <tr>      <td width="321">Следование принципу: сначала дисциплинированные люди (сначала кто), потом дисциплинированное мышление и дисциплинированные действия.</td>      <td width="321">Сразу приступают к действиям, не организовав мышление и не набрав нужных людей себе в команду.</td>    </tr>    <tr>      <td width="321">Чтобы ускорить развитие, связывают соответствующие технологии с собственной концепцией бизнеса.</td>      <td width="321">Реакция на технологический прогресс как у маленького цыпленка; боятся остаться позади.</td>    </tr>    <tr>      <td width="321">Осуществление поглощений после того, как достигнут стремительный рост (если вообще осуществляют поглощения), чтобы приумножить потенциал.</td>      <td width="321">Осуществление крупных поглощений до того, как накоплен достаточный потенциал.</td>    </tr>    <tr>      <td width="321">Нет усилий для поддержки, консолидации ресурсов; ускорение маховика заразительно.</td>      <td width="321">Больше усилий для поиска поддержки и консолидации, предлагают все новые пути развития.</td>    </tr>    <tr>      <td width="321">Результаты говорят сами за себя.</td>      <td width="321">Призывы поверить в будущее как компенсация за отсутствие результатов сегодня.</td>    </tr>    <tr>      <td width="321">Последовательность; каждое новое поколение опирается на достижения предыдущего; маховик продолжает наращивать обороты.</td>      <td width="321">Непоследовательность, каждый новый руководитель выбирает новый путь; маховик стопорится, и компания попадает в порочный круг.</td>    </tr>  </tbody></table><p><strong>&nbsp;</strong></p><p><strong>Основные выводы:</strong></p><p>&mdash; Переход от хороших результатов к великим очень часто выглядит как неожиданные, революционные преобразования, но только для тех, кто находится вне компаний. Для тех, кто работает в компаниях, это выглядит как естественный поступательный процесс. Неспособность отличить конечные результаты (выдающиеся результаты) от процесса (естественного и поступательного) мешает выработке правильного представления о том, что действительно срабатывает в длительной перспективе.</p><p>&mdash; Насколько бы значительными ни были конечные результаты преобразования компаний, которые добиваются выдающихся результатов, они никогда не делают ничего одним махом. Не было одного решающего мероприятия, не было суперпрограммы, не было одной убийственной новации, чудесного момента.</p><p>&mdash; Долгосрочные преобразования осуществляются по предсказуемой схеме: сначала наращивание потенциала, затем стремительный рост. Когда толкаешь гигантский маховик, требуются огромные затраты сил, чтобы сдвинуть его с места. Потом, долго и настойчиво толкая в одном направлении, вы разгоняете маховик. Затем настает момент, когда накопленная энергия начинает работать на вас.</p><p>&mdash; Компании, которые были отобраны для сравнения, действуют по-другому и оказываются в порочном круге. Вместо того чтобы накопить потенциал оборот за оборотом, они пытаются миновать этап наращивания потенциала и добиться стремительного роста незамедлительно. Затем, не добившись желаемого результата, они начинают кидаться из стороны в сторону в поисках спасения, будучи неспособны следовать одному направлению.</p><p>&mdash; Компании прямого сравнения зачастую пытаются добиться лучших результатов за счет крупных, но беспорядочных поглощений. Компании, которые добились выдающихся результатов, напротив, осуществляют крупные поглощения только после того, как накоплен достаточный потенциал, чтобы ускорить движение маховика.</p><p>&nbsp;</p><p><strong>Неожиданные заключения:</strong></p><p>&mdash; Те, кто работал в компаниях, добившихся выдающихся результатов, зачастую не догадывались, насколько масштабные перемены происходят внутри их компаний; это становилось ясно только по прошествии времени. Программы преобразований не имели названия, графика, торжественного запуска или чего-то еще, что как-то отмечало бы, что осуществляется в компании.</p><p>&mdash; Руководители таких компаний практически не тратили сил на &laquo;обеспечение поддержки&raquo;, &laquo;поддержание боевого духа&raquo;, &laquo;управление процессом перемен&raquo;. При благоприятных условиях проблемы энтузиазма, поддержки, целеустремленности и работы в новых условиях решаются сами собой. Поддержка появляется благодаря достигнутым результатам и прогрессу, а не наоборот.</p><p>&mdash; Краткосрочное давление со стороны аналитиков Уолл-стрит не вступает в противоречие с этой моделью. Концепция маховика не противоречит этому давлению, а помогает справиться с ним.</p><p>&nbsp;</p><p>&nbsp;</p><p>&nbsp;</p><p>&nbsp;</p><ol start="9">  <li>    <h5><strong>От &laquo;От хорошего к великому&raquo; к &laquo;Построенным навечно&raquo;</strong></h5>  </li></ol><blockquote>  <p><em>Дело твоей жизни и есть основной соблазн</em></p>  <p><em>Пабло Пикассо</em></p></blockquote><p>В книге &laquo;Путь НР&raquo; изложена система ценностей, включающая вклад в технический прогресс, уважение каждого индивидуума, ответственность перед обществом и твердую веру в то, что прибыль не является конечной целью компании. Хьюлетт и Паккард &ndash; пример важности &laquo;дополнительного измерения&raquo;, которое помогло поднять их компанию до элитного положения великих компаний, жизненно важного для перехода &laquo;От хорошего к великому&raquo; к &laquo;Построенным навечно&raquo;. &laquo;Дополнительное измерение&raquo; &ndash; это философия, определяющая деятельность компании. Её ключевая идеология отражает основные ценности и &laquo;смысл жизни&raquo; компании (помимо делания денег).</p><p>Великие компании, выдержавшие испытание временем, существуют не просто для того, чтобы приносить прибыль акционерам. Для действительно великой компании прибыль и поток денежных средств становятся как кровь и вода для здорового организма: они абсолютно необходимы для жизнедеятельности, но они не являются сутью жизни.</p><p>Важно понимать, что суть не в том, какая у вас система ценностей, а в том, есть ли она, знаете ли вы её, строите ли вы свою деятельность, опираясь на неё, сохраняете ли её с течением времени.</p><p>Сохранение ключевой идеологии является главной чертой великих компаний, выдержавших испытание временем. Очевидный вопрос: как, сохраняя принципы, приспосабливаться к меняющемуся миру? Ответ: следуйте принципу целостности &ndash; сохранению ключевых принципов вместе со стимуляцией прогресса. Великие компании, выдержавшие испытание временем, сохраняют свои ключевые ценности и главный смысл, но их стратегии и тактики операционной деятельности адаптируются к изменениям в мире&nbsp;<strong>бесконечное количество раз</strong>.</p><p>&nbsp;</p><p><strong>Четыре идеи книги &laquo;Построенные навечно&raquo;:</strong></p><ol>  <li>Лучше сделать часы, чем говорить, сколько времени. Создайте организацию, которая сможет приспособиться к изменениям и пережить многие поколения руководителей и многие продукты и идеи; это невозможно, если компания создана вокруг одного великого лидера или одной великой идеи.</li>  <li>Гениальность союза &laquo;И&raquo;. Выбирайте обе противоположности одновременно. Вместо того чтобы выбирать А или Б, попытайтесь придумать, как заиметь и А, и Б &ndash; принципы и прибыль, последовательность и перемены, свободу и ответственность и так далее.</li>  <li>Ключевая идеология. Создайте систему ценностей (важнейшие и неизменные принципы) и выберите ключевой смысл (основную причину существовать для чего-то еще, кроме делания денег) как принципы, определяющие принятие решений и вдохновляющие сотрудников в течение длительного времени.</li>  <li>Сохраняйте суть/стимулируйте прогресс. Сохраняя ключевую идеологию как отправную точку, в то же время стимулируйте перемены, улучшения и инновации во всех областях. Изменяйте подход и стратегию, сохраняя систему ценностей и цель неизменными. Устанавливайте БИХАГи (амбициозные, труднодостижимые цели), согласующиеся с вашей ключевой идеологией, и достигайте их.</li></ol>	\N	55656b3769d24.jpg	\N	2015-05-27 09:59:03	2015-05-27 22:41:41
14	\N	18	Уши машут ослом	\N	\N	5564b4e456102.jpg	\N	2015-05-26 21:01:08	2015-05-28 10:23:37
32	6	21	Выйди из зоны комфорта» или «Съешьте лягушку. 21 способ научиться успевать	<h3>Смарт-версия от автора блога.</h3><p>Выбросите из головы идею решать проблему нехватки времени за счет увеличения нагрузок. Необходимо поменять строй мыслей, изменить подход к работе, приобрести навык правильно реагировать на нескончаемый поток каждодневных обязанностей &mdash; и тогда вы станете хозяином своего времени и своей жизни.</p><p>Человека нельзя ничему научить, можно лишь помочь ему найти это в себе&raquo;, &ndash; писал Галилео Галилей. Успешные люди не лучше и не умнее нас &ndash; просто они научились иначе работать, а значит, мы тоже можем научиться!</p><p>Способность целиком сосредоточиться на важнейшей задаче и хорошо ее выполнять от начала до конца &ndash; ключ не только к успеху, но и ко всеобщему уважению, высокому положению и счастью в жизни.</p><p>Нужно действовать &ndash; в этом главное условие успеха.</p><p>В наши дни, как никогда раньше, особое значение приобретает умение правильно сделать выбор. Обычный человек, не обладающий особенными талантами, но сумевший выработать привычку четко расставлять акценты и быстро справляться с важными задачами, может дать фору гению, который разглагольствует, но мало что делает.</p><p>Марк Твен однажды сказал, что если с утра съесть лягушку, остаток дня обещает быть чудесным, поскольку худшее на сегодняшний день уже позади.</p><p>Ваша &laquo;лягушка&raquo; &ndash; это самая важная работа, та, которую вы чаще всего откладываете в долгий ящик.</p><p>Первое правило поедания лягушек: из двух предложенных нужно начинать с наиболее гадкой. Приучайте себя браться за дело без промедления, доводить до конца и лишь затем переходить к другому. Не поддавайтесь искушению начать с более простого задания.</p><p>Второе правило поедания лягушек: если потребуется съесть живьем лягушку, не стоит долго сидеть и смотреть на нее.</p><p>Людям платят за конкретные результаты. Многие путают деятельность с результатом: постоянно ведут переговоры, проводят бесконечные совещания, строят великие планы. При этом, никто ничего не делает, и работа стоит на месте.</p><p>Ваш успех в жизни и на работе зависит от привычек. Привычка расставлять акценты, без проволочек браться за важную работу и доводить ее до конца представляет собой совокупность психологических и физических навыков. Чтобы освоить их, следует постоянно практиковаться, доводя выполнение нужных действий до автоматизма. Приобретение такой привычки окупается немедленно и продолжает приносить плоды в дальнейшем.</p><p>Окончив труд, мы ощущаем прилив энергии, энтузиазма, гордости. В такие моменты человеческий мозг начинает вырабатывать эндорфины &ndash; гормоны удовольствия.</p><p>Наше сознание, как и мышцы, в результате упражнений обретает силу и ловкость, а значит, мы можем осознанно сформировать у себя любую привычку.</p><p>Чтобы привыкнуть концентрироваться на главном, необходимы твердость, дисциплина и упорство.</p><p>Во-первых, примите твердое решение доводить дело до конца.</p><p>Во-вторых, заставьте себя раз за разом повторять приемы, которые собираетесь освоить.</p><p>В-третьих, упорно продолжайте занятия, пока привычка &nbsp;не станет частью вашей личности.</p><p>Помните, что всякое улучшение жизни начинается с самосовершенствования.</p><ol>  <li><strong>СЕРВИРУЙТЕ СТОЛ</strong></li></ol><p><em>&laquo;Есть качества, которыми требуется обладать, чтобы побеждать: определенность цели, знание, чего ты хочешь, и жгучее желание этого достигнуть&raquo;.</em></p><p><em>Наполеон Хилл</em></p><p>Ясность &ndash; может быть, главная составляющая личной продуктивности. Чем лучше человек понимает, почему он стремится к той или иной цели, тем меньше он тратит времени на ее достижение.</p><p>Главные причины, по которым вы медлите и не желаете приниматься за работу &ndash; слабоволие, путаница в мыслях и неопределенность.</p><p>Трейси предлагает семь шагов, каждый из которых в разы должен увеличить вашу производительность.</p><p>Шаг первый. Решите, что именно от вас требуется. Сделайте это самостоятельно и согласуйте с &nbsp;руководителем.</p><p>Помните, что один из худших способов тратить свое время &ndash; усердно трудиться над тем, чего совсем не надо делать.</p><p>По этому поводу замечательную фразу сказал Стивен Кови: &laquo;Прежде чем взбираться по лестнице успеха, убедитесь, что она прислонена к тому зданию, которое вам нужно&raquo;.</p><p>Шаг второй. Думайте на бумаге. Письменно формулируя задачу, вы придаете ей материальность.</p><p>Шаг третий. Установите для своей задачи срок исполнения и, если требуется, промежуточные этапы. Решение, для которого не определен срок, не имеет реальной силы &ndash; фактически, это дело без начала и конца.</p><p>Шаг четвертый. Составьте список всех средств, которые вам понадобятся, и укажите те действия, которые потребуется для достижения цели. Такой список даст вам зримую картину масштаба задачи.</p><p>Шаг пятый. Превратите список в план. Для этого нужно упорядочить все пункты в соответствии с приоритетом и последовательностью исполнения.</p><p>Шаг шестой. Немедленно начинайте претворять план в жизнь. Действие &ndash; вот залог вашего успеха.</p><p>Шаг седьмой. Выполняйте свою работу ежедневно &ndash; и каждый день станет шагом, приближающим вас к главной цели. Нельзя пропускать ни одного дня.</p><ol start="2">  <li><strong>Заранее планируйте свой день</strong></li></ol><p><em>&laquo;Планирование переносит будущее в настоящее и позволяет вам что-нибудь сделать с ним сейчас&raquo;.</em></p><p><em>Алан Лакейн</em></p><p>Самое мощное средство, имеющееся в вашем распоряжении, позволяющее преодолеть нерешительность и улучшить показатели &ndash; это ваше сознание, ваша способность думать, планировать и принимать решения. Весь ход вашей жизни определяется тем, как вы умеете ставить задачи, строить планы и действовать в соответствии с ними.</p><p>И наоборот, как писал Алек Маккензи, непродуманные действия становятся первейшим источником проблем.</p><p>Умение составить хороший план &ndash; показатель вашей общей компетенции. Чем лучше план, тем проще справиться с нежеланием начать сложную работу, тем легче взяться за нее &ndash; съесть лягушку и действовать дальше.</p><p>Помните: каждая минута, потраченная на планирование, экономит десять минут вашего труда.</p><p>Формула &laquo;Шести П&raquo; гласит: Правильное Предварительное Планирование Препятствует Падению Производительности.</p><p>Создать план очень просто, ведь все записные книжки и ежедневники основаны на одном и том же принципе: составлении списка.</p><p>Всегда работайте по списку. Когда будет появляться какое-то новое задание, сначала добавьте его в список и лишь потом приступайте к работе. Каждый вечер составляйте перечень дел на предстоящий день. Если список составлен накануне, ваше подсознание работает с ним ночью, когда вы спите. И скоро вы начнете просыпаться с идеями, которые помогут вам сделать работу быстрее и лучше, чем вы предполагали.</p><p>Для каждой цели нужен список. Главный, на месяц, на неделю, на день. Подобное систематическое планирование времени, прежде всего, формирует самодисциплину.</p><p>Любой проект следует начинать с составления перечня этапов, необходимых для его выполнения от начала и до конца. После этого, нужно упорядочить пункты по приоритетности и последовательности выполнения. Лучше всего уместить весь список на одной странице, чтобы сразу видеть все намеченные шаги и задачи.</p><p>Одно из важнейших правил индивидуальной работы &laquo;10 на 90&raquo; гласит: потратив первые десять процентов времени на планирование и организацию работы, вы сэкономите девяносто процентов времени при ее выполнении.</p><p>Приступая к выполнению своего плана, всегда помните о его завершении в положенный срок.</p><ol start="3">  <li><strong>Всегда следуйте правилу &laquo;80 на 20&raquo;</strong></li></ol><p><em>&laquo;Нам хватит любого времени, если мы будем правильно его распределять&raquo;.</em></p><p><em>Гете</em></p><p>Итальянский экономист Вильфред Парето впервые сформулировал правило &laquo;80 на 20&raquo; в 1895 году. Он заметил, что общество естественным образом делится на две группы, первую из которых (элиту) составляют двадцать процентов наиболее богатых и влиятельных людей, а вторую (массу) &ndash; оставшиеся восемьдесят процентов.</p><p>Позднее, Парето обнаружил, что этому принципу подчиняется практически вся экономическая деятельность человека. Двадцать процентов ваших усилий принесут восемьдесят процентов результатов, двадцать процентов клиентов &ndash; восемьдесят процентов выручки. Это означает, что в списке ваших дел два пункта из десяти будут стоить в пять или десять раз больше, чем все остальные.</p><p>Не поддавайтесь искушению в первую очередь заниматься мелочами. Помните: всякий раз повторяя однажды сделанный выбор, вы превращаете его в привычку, от которой потом сложно отказаться. Решив несколько раз подряд начать свой день над маловажными задачами, вы станете всегда поступать подобным образом, но это далеко не та привычка, какую следует развивать и сохранять.</p><p>Управлять своим временем фактически означает управлять собственной жизнью. Вы действительно контролируете ход событий. У вас есть свобода выбора. Возможность предпочесть существенное незначительному представляет собой ключевой фактор, определяющий ваш успех в жизни.</p><p><strong>&nbsp; &nbsp; &nbsp;&nbsp;</strong>4.<strong><strong>&nbsp; &nbsp;</strong>Всегда думайте о результатах</strong></p><p><em>&laquo;Наиболее важное нельзя отдавать на милость самого несущественного&raquo;.</em></p><p><em>Гете</em></p><p><em>&laquo;Что можно сделать неотложно, зачем на завтра оставлять? Должны мы сразу уловлять все то, что нужно и возможно, и уж из рук не выпускать&raquo;.</em></p><p><em>&laquo;Фауст&raquo;, Гете</em></p><p>Отличительный признак выдающегося мыслителя &ndash; это способность правильно предсказать последствия своих действий или бездействия. Потенциальные результаты вашей деятельности &ndash; главный фактор, определяющий, насколько она на самом деле важна для компании и лично для вас. С помощью этого способа оценки вы и определите свою очередную лягушку.</p><p>Учет долгосрочной перспективы улучшает качество краткосрочных решений.</p><p>У преуспевающих людей есть отчетливая устремленность в будущее. Они умеют не только мысленно заглядывать на пять, десять или двадцать лет вперед, но и анализировать сегодняшний выбор и поступки с точки зрения их соответствия желаемому будущему.</p><p>&laquo;Что может произойти, если я выполню или не выполню эту работу?&raquo; &ndash; вот о чем спрашивайте себя каждый раз, прежде чем приступить к чему-либо. Чем яснее вы представляете свои замыслы с точки зрения будущего, тем сильнее это сказывается на выборе того, что надо делать в настоящий момент.</p><p>Успеха добиваются те, кто готов пожертвовать сиюминутными удовольствиями ради вознаграждения в дальнейшем. Неудачники, напротив, больше заняты сегодняшними радостями и мало задумываются об отдаленном будущем.</p><p>Для мотивации нужен стимул. Когда вы ясно осмыслите влияние, которое может оказать на вашу жизнь какое-либо действие или поведение, вам будет проще преодолеть себя, взяться за дело и выполнить его. Время так или иначе проходит. Вопрос в том, как вы его используете и к чему придете в конце концов. Один из лучших способов расставить акценты на работе и в личной жизни &ndash; это постоянно взвешивать потенциальные последствия любого своего выбора, решения или поступка.</p><p>Времени на все никогда не хватит, но его хватит на то, чтобы сделать самое важное.</p><p>Единственное, на что можно надеяться &ndash; справляться с важнейшими обязанностями. Прочим придется ждать своего часа.</p><p><strong>&nbsp; &nbsp; &nbsp;&nbsp;</strong>5<strong>&nbsp; &nbsp;Срочность &ndash; это отговорка</strong></p><p>Многие признают, что работают лучше, когда им поставлены жесткие сроки. Как показывают исследования, такое редко бывает правдой.</p><p>Сколько бы вы времени ни отвели на работу, увеличьте срок минимум на двадцать процентов.</p><p>Три первоочередных вопроса</p><ol>  <li>&laquo;Какие из моих занятий наиболее ценные?&raquo;</li>  <li>&laquo;Что именно я могу сделать для своей организации?&raquo;</li>  <li>&laquo;Каким образом я могу в данный момент наиболее полноценно использовать свое время?&raquo;</li></ol><p>Уметь творчески подходить к выбору отложенных дел &ndash; один из самых эффективных приемов повышения личной производительности. Вы не сможете сделать все сразу &ndash; пора с этим смириться, поэтому откладывайте мелкие дела. Начинайте с худшего!</p><p>Отложите, кому-то перепоручите, отдайте их на аутсорсинг или просто отмените все то, что, независимо от результата, не внесет существенного вклада в вашу жизнь или результат компании.</p><p>Ваши время и жизнь подконтрольны вам лишь в той мере, в какой вы отказываетесь от малосущественных занятий.</p><p>&laquo;Нет&raquo; &ndash; одно из самых мощных слов в управлении временем. Говорите непринужденно: &laquo;У меня все танцы расписаны&raquo;. Вы не сможете создать ничего нового, пока не завершите прежние дела или просто не прервете над ними работу.</p><p>Большинство людей откладывают дела на потом бессознательно, не задумываясь. Ваша задача &ndash; сознательно откладывать дела, представляющие небольшую ценность, высвобождая время для тех, которые способны в долгосрочной перспективе привести к существенным результатам.</p><p>Постоянно пересматривайте свои рабочие и личные планы в поисках задач и занятий, от которых можно отказаться. Перестаньте смотреть телевизор, проведите эти часы с семьей, сделайте гимнастику &ndash; это улучшит качество вашей жизни.</p><ol start="6">  <li><strong>Метод ABCDE</strong></li></ol><p><em>&laquo;Первый закон успеха &ndash; концентрация сил и внимания. Нужно направить всю энергию в одну точку и двигаться прямо к ней, не глядя ни вправо, ни влево&raquo;.</em></p><p><em>Уильям Мэтьюз</em></p><p>Думайте на бумаге. Возьмите список своих дел и проставьте против каждого пункта букву A, B, C, D или E.</p><p>Пометка &laquo;А&raquo; означает &laquo;очень важное дело&raquo;, которое обязательно надо выполнить. Если в списке больше одного пункта А, им присваиваются относительные приоритеты, то есть А-1, А-2 и так далее.</p><p>Пометка &laquo;В&raquo; соответствует делу, которое надо было бы сделать, но его выполнение или невыполнение повлечет умеренные последствия. Правило заключается в том, чтобы никогда не заниматься делами В, пока у вас есть невыполненные дела А.</p><p>Пометка &laquo;С&raquo; определяет работу, которую хорошо было бы сделать, но она не несет никаких последствий.</p><p>Пометка &laquo;D&raquo; (delegate &ndash; в переводе с англ. &laquo;поручать&raquo;) получают пункты, допускающие перепоручение.</p><p>Пометкой &laquo;E&raquo; (eliminate &ndash; в переводе с англ. &laquo;уничтожать&raquo;) обозначьте пункты, которые можно просто вычеркнуть. Может, эти дела были некогда важны, но сегодня они утратили значение как для вас, так и для окружающих. Возможно, вы продолжаете заниматься ими по привычке. Но каждую минуту, потраченную на задачу Е, вы отбираете у дел категории А, способных значительно изменить вашу жизнь.</p><p>Проработав список, немедленно приступайте к делу А-1 и занимайтесь им, пока не закончите. Ваша способность продумать собственный список дел, проанализировать его и найти в нем задачу А-1 &ndash; трамплин для прыжка на более высокий уровень исполнения, к росту самооценки, самоуважения и законной гордости собой. Развив в себе привычку сосредотачивать все силы и внимание на самом важном деле, вы начнете делать больше, чем несколько ваших коллег, вместе взятых.</p><ol start="7">  <li><strong>Основные показатели деятельности</strong></li></ol><p>Вы когда-нибудь спрашивали себя: &laquo;За что я получаю зарплату&raquo;? Вам следует постоянно задавать себе этот вопрос и находить ответ на него.</p><p>Если сформулировать совсем просто, вас наняли ради неких результатов, и вы получаете зарплату за определенный объем и качество работы. Ваш труд, соединяясь с трудом других людей, создает продукты или услуги, за которые клиенты готовы отдавать деньги.</p><p>Ваша работа включает в себя не более пяти-семи областей деятельности. В каждой из них вам нужно добиваться успеха &ndash; только при этом условии вы выполняете свои обязанности и вносите максимальный вклад в доходы организации.</p><p>Ключевая область деятельности находится целиком в вашей компетенции, вы полностью за нее отвечаете и сами ее контролируете.</p><p>Ключевые области в управлении &ndash; планирование, организация, подбор персонала, распределение заданий, контроль, оценка и составление отчетов. Слабость, проявленная в любой из ключевых областей, приведет к невысоким достижениям и, возможно, неудаче в карьере.</p><p>Ключевые области в продажах &ndash; оценка перспективности клиента, установление связей и доверия, определение потребностей, убедительное представление продукта, снятие вопросов, совершение сделки, перепродажа и обслуживание проданных товаров.</p><p>Главное &ndash; это ясность. Высокая производительность начинается с определения ключевых областей деятельности. Целесообразно обсудить это со своим руководителем.</p><p>Определив для себя ключевые области деятельности, оцените себя в каждой из них.</p><p>Общий уровень компетенции работника определяется той ключевой областью, где он слабее всего.</p><p>Каждый человек в чем-то сильнее, в чем-то слабее. Откажитесь от порочной привычки объяснять, оправдывать или защищать свои слабые стороны &ndash; выявите их, сформулируйте цель и составьте план, как укрепить свои позиции.</p><p>Приучите себя регулярно в течении всей служебной карьеры проводить анализ своих навыков. Никогда не останавливайтесь на достигнутом. Совершенствуйтесь всегда и во всем.</p><ol start="8">  <li><strong>Закон трех задач</strong></li></ol><p><em>&laquo;Делай, что можешь, с тем, что имеешь, там, где ты есть&raquo;.</em></p><p><em>Теодор Рузвельт</em></p><p>Среди всего, что вы делаете для своей организации, всегда есть три наиболее значимые задачи. Вы должны их вычленить, а затем сосредоточиться на них &ndash; это исключительно важно для продуктивной работы.</p><p>&laquo;Вклад&raquo; &ndash; может быть, самое главное слово в мире работы. Хотите увеличить свое вознаграждение, денежное или эмоциональное &ndash; направьте усилия на повышение ценности того, что вы делаете лучше всех, найдите способ увеличить свой вклад в достижения компании. Три ключевые задачи всегда приносят больше, чем все остальные.</p><p>Устанавливая цели и приоритеты, систематизируя их, концентрируясь на какой-то одной задаче и приучая себя первым делом доводить до конца самые важные дела, вы ни на минуту не должны забывать о том, что ваша главная цель &ndash; прожить долгую и счастливую жизнь.</p><p>Навыки рационального использования времени нужны, чтобы научиться выполнять все важные дела в срок и высвободить больше времени для дел, которыми вы занимаетесь в нерабочее время. Именно это приносит вам наибольшее удовлетворение.</p><p>Качество времени прежде всего учитывается на работе, а дома &ndash; важнее его количество.</p><p>Работая &mdash; работайте. Не расходуйте время впустую. Каждая минута болтовни на посторонние темы отобрана у работы. Более того, вы отбираете время у собственной семьи, поскольку вынуждены задерживаться допоздна или работать дома.</p><p>&laquo;Мама, почему папа приносит домой полный портфель бумаг и никогда не бывает с нами?&raquo; &ndash; спрашивает маленькая девочка. Мама вступается за папу: &laquo;Видишь ли, доченька, ты должна понять, что он не успевает выполнять всю работу в офисе и ему приходится доделывать ее дома&raquo;. &laquo;Папа не успевает?&raquo; &ndash; удивляется дочка, &ndash; &laquo;Почему тогда его не переведут в группу для отстающих?&raquo;</p><ol start="9">  <li><strong>Тщательно подготовьтесь перед началом работы</strong></li></ol><p><em>&laquo;Независимо от уровня способностей ваш потенциал всю жизнь будет выше достижений&raquo;.</em></p><p><em>Джеймс Маккей</em></p><p>Тот, кто полностью подготовлен, напоминает револьвер с взведенным курком или натянутый лук.</p><p>Организуйте свое рабочее место &ndash; удобное, привлекательное и приспособленное для длительного пребывания на нем.</p><p>После этого немедленно беритесь за дело. Принцип Трейси гласит: &laquo;Сделай на восемьдесят процентов правильно, остальное исправь потом&raquo;. Приготовьтесь к тому, что конечному успеху будут предшествовать неудачи.</p><p>Самые страшные враги, с которыми вы столкнетесь на пути к успеху, &ndash; это не отсутствие способностей или возможностей, а наши сомнения и страх провала или отказа. Эммерсон писал: &laquo;Сделай то, чего страшишься, и смерть страха неизбежна&raquo;.</p><p>Великий хоккеист Уэйн Гретцки как-то сказал: &laquo;В цель не попадают сто процентов не сделанных бросков&raquo;.</p><p>Совершайте смелые поступки, а чтобы у вас появилась смелость, действуйте так, будто вы очень храбрый человек.</p><p><strong>&nbsp; &nbsp; &nbsp;&nbsp;</strong>10.<strong>&nbsp; &nbsp;Продвигайтесь поэтапно</strong></p><p>&laquo;Спеши медленно&raquo;, &ndash; гласит народная мудрость. С нежеланием приниматься за работу легче справиться, если отвлечься от масштаба задачи и сосредоточиться на той маленькой части, которую вам предстоит сделать сейчас. Лао-цзы писал: &laquo;Путешествие в тысячу ли начинается с первого шага&raquo;.</p><p>Приучайтесь действовать пошагово. Чтобы решить масштабную задачу, надо совершать каждый шаг с полной уверенностью, что следующая часть пути откроется за поворотом. Помните замечательный совет: &laquo;Ты прыгни, а страховочная сетка появится&raquo;.</p><p><strong>&nbsp; &nbsp; &nbsp;&nbsp;</strong>11.<strong>&nbsp; &nbsp;Повышайте квалификацию</strong></p><p><em>&laquo;Единственное надежное средство добиться успеха &ndash; это оказывать более важные и качественные услуги, чем от вас ждут&raquo;.</em></p><p><em>Ог Мандино</em></p><p>Причиной, по которой люди медлят приступать к делу, нередко бывает недостаток уверенности, чувство несоответствия задаче, сомнение в своих силах. Ощущения нехватки знаний в какой-то области вполне достаточно, чтобы отбить у человека всякое желание браться за работу, как-то с ней связанную. Поэтому постоянно повышайте свою квалификацию. Помните, как ни хороши вы сегодня, ваши знания и опыт стремительно устаревают.</p><p>Баскетбольный тренер Пэт Райли говорил: &laquo;Как только прекращаешь стремиться стать лучше, сразу начинаешь деградировать&raquo;.</p><p>Постоянное обучение &ndash; это минимальное требование к тем, кто хочет добиться успеха в любых областях деятельности.</p><p>Не позволяйте слабости или отсутствию способностей в какой-то сфере тянуть вас назад. Всему можно научиться, и вы в состоянии выполнять то, что умеют делать другие.</p><p>Во-первых, ежедневно, читайте книги и журналы по нужной тематике.</p><p>Во-вторых, посещайте все доступные курсы и семинары.</p><p>В-третьих, слушайте в машине аудиозаписи.</p><p>Учась, вы расширяете границы профессионального образования. Этот процесс можно сравнить с физическими упражнениями, с помощью которых накачивают мышцы. Насколько далеко и быстро вы сможете продвинуться? Этому нет предела &ndash; границы вы устанавливаете в своем воображении.</p><p><strong>&nbsp; &nbsp; &nbsp;</strong>12.<strong>&nbsp; &nbsp;Используйте свой уникальный талант</strong></p><p><em>&laquo;Исполняй свою работу, но не ограничивайся только ею &ndash; добавь к ней ради щедрости малую толику того, что стоит всего остального&raquo;.</em></p><p><em>Дин Бриггс</em></p><p>Надо сказать, что самым ценным вашим активом является способность зарабатывать. Это происходит благодаря жирным лягушкам, которых вы научились есть быстрее и успешнее, чем другие.</p><p>Оценивайте регулярно свои уникальные возможности. Что вам удается особенно хорошо?</p><p>Человеку &ndash; так он устроен &ndash; больше всего нравится делать то, что он умеет лучше других. Все, кто добился успеха, хорошо понимают, какая работа им нравится больше и что удается сделать лучше. Они знают свое дело и сосредоточены исключительно на нем &ndash; это значительно повышает их работоспособность.</p><p>Вы не сумеете сделать все, но вам под силу сделать то немногое, но важное, в чем вы особенно сильны.</p><p><strong>&nbsp; &nbsp; &nbsp;&nbsp;</strong>13.<strong>&nbsp; &nbsp;Выделите свои слабые места</strong></p><p>Что мешает продвигаться вперед? Необходимо определить ограничивающий фактор, сконцентрировать все силы и знания &ndash; и пройти сквозь это узкое горлышко.</p><p>Правилу &laquo;80 на 20&raquo; подчиняется не только процесс достижения цели, но и процесс устранения препятствий. Восемьдесят процентов ограничивающих факторов имеют внутреннюю природу. Они заключены либо в вас самих, в ваших личных качествах, способностях, привычках, навыках, либо в компании, где вы работаете.</p><p>Факторы, внешние по отношению к вам и вашей компании &ndash; конкуренты, рынки, правительственные и иные организации &ndash; создают всего двадцать процентов препятствий.</p><p>Иногда мешает что-то мелкое, не лежащее на поверхности. В этом случае необходимо пошагово изучить весь процесс.</p><p>Преуспевающие люди начинают анализировать с себя. Начиная день с победы над ограничивающим фактором, вы наполняетесь силой, получаете импульс к продолжению работы до ее завершения.</p><p><strong>&nbsp; &nbsp; &nbsp;</strong>14.<strong>&nbsp; &nbsp;Оказывайте на себя давление</strong></p><p><em>&laquo;Первое условие успеха &ndash; это способность непрерывно и не уставая прилагать физические и умственные усилия для решения одной проблемы&raquo;.</em></p><p><em>Томас Эдиссон</em></p><p>Лишь около двух процентов людей на земле способны работать совершенно самостоятельно &ndash; их мы называем лидерами. И если вы твердо решите стать лидером, вы им станете. Чтобы полностью реализовать свой потенциал, вам надо развивать привычку &laquo;обязывать&raquo; самого себя, не ожидая, пока кто-то сделает это за вас.</p><p>Стандарты, которые вы для себя устанавливаете, должны быть выше, чем у других.</p><p>Все время ищите способ пройти лишнюю милю, сделать больше того, за что вам платят.</p><p>Чтобы справиться с нежеланием браться за работу, воспользуйтесь приемом &laquo;воображаемые сроки&raquo;. Попробуйте представить, что завтра вы уезжаете в отпуск на месяц. Какую работу следует закончить, чтобы радость не обернулась трагедией?!</p><p>Успешные люди добиваются высоких результатов за счет того, что постоянно оказывают на себя давление. Неудачникам необходимы распоряжения и надзор извне.</p><p><strong>&nbsp; &nbsp; &nbsp;&nbsp;</strong>15.<strong>&nbsp; &nbsp;Мобилизуйте все силы</strong></p><p>Чтобы радоваться жизни и многое успевать, необходимо постоянно поддерживать свои силы на высоком уровне.</p><p>У каждого человека в течение дня есть периоды наивысшей работоспособности. Вам необходимо определить собственные внутренние часы и приучиться использовать самое благоприятное время для выполнения наиболее важной и сложной работы.</p><p>Не питайте иллюзий, что если вы находитесь на работе 12-14 часов, то вы очень трудоспособны и эффективны. Это не так!</p><p>Каждому человеку жизненно необходимо высыпаться и следить за своим физическим здоровьем.</p><p><strong>&nbsp; &nbsp; &nbsp;&nbsp;</strong>16.<strong>&nbsp; &nbsp;Ищите стимул к действию</strong></p><p><em>&laquo;Только вкус незнаемого, творчество и победа делают человека счастливым&raquo;.</em></p><p><em>Антуан де Сент-Экзюпери</em></p><p>Чтобы работать хорошо, нужна бодрость духа, и поддерживать ее в себе &ndash; ваша задача. Смотрите на все с оптимизмом &ndash; и вы сможете сохранить воодушевление.</p><p>Независимо от подлинного самочувствия и душевного состояния вы должны оставаться бодрым и жизнерадостным. Как писал Виктор Франкл, психолог, переживший концлагерь, в своей книге &laquo;Человек в поисках смысла&raquo;: &laquo;У человека можно отнять все, кроме одного &ndash; его последней свободы выбрать свое отношение к данным обстоятельствам, выбрать собственный путь&raquo;.</p><p>Никогда не жалуйтесь на проблемы, держите их при себе. Эд Форман как-то остроумно заметил: &laquo;Не следует делиться своими проблемами с окружающими, поскольку восьмидесяти процентам они безразличны, а оставшиеся двадцать даже рады, что они у вас есть&raquo;.</p><p>Контролируйте свои мысли. Помните: человек становится тем, о чем постоянно размышляет. Обязательно думайте и говорите о том, что для вас желательно, а не о том, чего вы опасаетесь. Сохраняйте бодрость духа, полностью взяв на себя ответственность за свою жизнь и все, что с вами происходит.</p><p><strong>&nbsp; &nbsp; &nbsp;&nbsp;</strong>17.<strong>&nbsp; &nbsp;Не становитесь рабом высоких технологий</strong></p><p>Чтобы сохранять душевное равновесие, ясность мысли и способность продуктивно работать, необходимо на какое-то время отказываться от средств связи и всевозможных гаджетов.</p><p>Здесь опять стоит упомянуть о правиле &laquo;80 на 20&raquo;. Восемьдесят процентов получаемых писем, как правило, не представляет никакой ценности, их не стоит даже открывать, а следует удалять немедленно. Из оставшихся двадцати в свою очередь лишь двадцать процентов, то есть четыре процента всей корреспонденции, требуют немедленной реакции.</p><p>Намеренно создавайте для себя зоны тишины, когда вы недосягаемы ни для кого и ни для чего. Заставляйте себя регулярно останавливаться и &laquo;слушать тишину&raquo;&nbsp;&ndash; это поможет вам сохранять внутреннее спокойствие.</p><p>Многие не получают газет, не смотрят телевизор и не слушают радио, но, как ни странно, они всегда хорошо информированы &ndash; кто-то постоянно держит их в курсе событий. Поступайте точно также.</p><p>От себя добавлю, чтение настоящей бумажной книги никогда не сравнится с чтением электронной версии или аудиокнигой. Визуальный и вербальный контакт с книгой в разы улучшают восприятие!</p><p><strong>&nbsp; &nbsp; &nbsp;&nbsp;</strong>18.<strong>&nbsp; &nbsp;Ломтики задачи</strong></p><p>Нередко люди медлят браться за большую и важную работу, страшась ее объема. В этом случае можно применять так называемый &laquo;метод салями&raquo;. Разложите задачу на составляющие, а затем выполняйте их по одной &ndash; точно так, как мы по ломтику съедаем батон салями (вспомним, как лучше съесть слона &ndash; по кусочкам).</p><p>Не забывайте, что в глубине души каждого человека живет &laquo;стремление к завершенности&raquo;. На самом деле человек чувствует себя более счастливым и сильным, если выполняет задачу от начала до конца &ndash; этим удовлетворяется подсознательная потребность видеть результаты своих усилий.</p><p>Есть еще метод &laquo;швейцарского сыра&raquo;. Вы дырявите задачу, когда решаете заниматься ею только в течение определенного времени. Потом отдыхаете или переходите к чему-то еще.</p><p>Оба принципа исключительно эффективны, когда налицо явное нежелание приниматься за дело.</p><p><strong>&nbsp; &nbsp; &nbsp;&nbsp;</strong>19.<strong>&nbsp; &nbsp;Обеспечьте себя запасом времени</strong></p><p>Для выполнения действительно важной работы, как правило, нужно время. Распределяйте время по графику. Используйте каждую минуту &ndash; это один из секретов высокой производительности.</p><p>Не забывайте, что пирамиды строились постепенно, камень за камнем, а великая жизнь или карьера складывается из выполняемых задач, то есть из отдельных фрагментов.</p><p><strong>&nbsp; &nbsp; &nbsp;&nbsp;</strong>20.<strong>&nbsp;&nbsp; Развивайте в себе ощущение неотложности</strong></p><p><em>&laquo;Не ждите &laquo;подходящего момента&raquo;, его никогда не будет. Начинайте там, где стоите, и работайте с теми инструментами, которые есть в вашем распоряжении, &ndash; по мере продвижения обнаружатся и лучшие&raquo;.</em></p><p><em>Наполеон Хилл</em></p><p>Высокоэффективных работников проще всего идентифицировать по их ориентации на результат: они все время спешат завершить очередную важную работу.</p><p>При сосредоточенной непрерывной работе над важными делами человек может приходить в удивительное расположение духа, которое Михай Чиксентмихайи назвал &laquo;состоянием потока&raquo;.</p><p>&laquo;Поток&raquo; чудесным образом изменяет ваше сознание. Вам все легко, все получается безукоризненно с первого раза. Фактически &ndash; и это было замечено уже много веков назад &ndash; ваши навыки и умения, восприятие мира, творческий потенциал, когда вы в &laquo;потоке&raquo;, переходят на новый, более высокий уровень.</p><p>Научиться входить в состояние потока вполне возможно. Для этого полезно развивать в себе чувство неотложности &ndash; внутренне стремление быстро сделать работу, нетерпение, подгоняющее вас, как будто вы бежите с самим собой наперегонки.</p><p>Быстрый темп всегда идет рука об руку с любым успехом, а чтобы его обеспечить, нужно двигаться, не сбавляя скорости. Чем быстрее вы работаете, тем сильнее стимул делать больше и быстрее.</p><p>Поскольку для достижения главных целей нужно постоянно прилагать усилия, начинает действовать принцип сохранения движения к успеху. Согласно ему, на продолжение движения затрачивается меньше энергии, чем на преодоление инерции в начале работы.</p><p>Имея репутацию человека, способного быстро и хорошо выполнять сложную работу, вы станете одним из наиболее ценимых и уважаемых людей в деловом мире.</p><p><strong>&nbsp; &nbsp; &nbsp;&nbsp;</strong>21.<strong>&nbsp; &nbsp;Единственная задача</strong></p><p><em>&laquo;И здесь заложен секрет настоящей силы. Постоянно практикуясь, научитесь рачительно распоряжаться ресурсами и пользоваться любым моментом, чтобы направлять их на главное&raquo;.</em></p><p><em>Джеймс Аллен</em></p><p>Отправившись в путь, не останавливайтесь. Считается, что если человек начинает дело, потом откладывает его и через какое-то время опять за него берется, то такая тактика в пять раз удлиняет время, которое требуется на его выполнение.</p><p>Чем полнее вы сумеете сконцентрироваться на единственной задаче, тем дальше продвинетесь по &laquo;кривой производительности&raquo;: время работы будет сокращаться, качество &ndash; расти.</p><p>В итоге, для прогресса в любой области людям требуется колоссальная самодисциплина и строжайший самоконтроль. Это фундамент, без которого невозможны высокие работоспособность и производительность.</p><p>Элберт Хаббард определял самодисциплину как &laquo;способность заставить себя делать то, что нужно и когда нужно, хочется вам этого или нет&raquo;.</p><p>Со временем вы поймете, что способны поставить перед собой и достичь любую цель, что стали хозяином своей судьбы. Вы поднимаетесь по лестнице личной эффективности и, когда дойдете до верха, поймете, что ваше будущее гарантировано. Главное &ndash; всегда из всех дел, которые вам нужно выполнять, выделять самое важное и ценное &ndash; и съедать эту лягушку!</p><p>Действуйте!</p><p><strong>Сведем все вместе</strong></p><ol>  <li>Сервируйте стол. Решите, что именно вам нужно</li>  <li>Заранее планируйте каждый день</li>  <li>Всегда следуйте правилу &laquo;80 на 20&raquo;</li>  <li>Всегда думайте о результатах</li>  <li>Творческий подход к отсрочке дел</li>  <li>Метод АВСDE</li>  <li>Основные показатели деятельности</li>  <li>Закон трех задач</li>  <li>Тщательно подготовьтесь перед началом работы</li>  <li>Продвигайтесь поэтапно</li>  <li>Повышайте свою квалификацию</li>  <li>Используйте свой уникальный талант</li>  <li>Определите свои слабые места</li>  <li>Оказывайте на себя давление</li>  <li>Мобилизуйте все силы</li>  <li>Ищите стимулы к действию</li>  <li>Не становитесь рабом высоких технологий</li>  <li>Ломтики задач</li>  <li>Обеспечьте себя запасом времени</li>  <li>Развивайте в себе ощущение неотложности</li>  <li>Только одна задача</li></ol>	\N	556572f60f0af.jpg	\N	2015-05-27 10:32:06	2015-06-05 14:07:20
10	8	12	О месте лидера	<p><a href="https://youtu.be/IkLgkUD5xOE">https://youtu.be/IkLgkUD5xOE</a></p>	\N	\N	\N	2015-05-26 20:49:20	2015-06-10 12:59:31
33	\N	31	Стратегия жизни	\N	\N	5565735e2b5ce.jpg	\N	2015-05-27 10:33:50	2015-06-10 17:40:26
30	\N	32	Разумное доверие	\N	\N	55657050180da.jpg	\N	2015-05-27 10:20:48	2015-06-10 17:40:43
31	\N	34	100 главных принципов презентации	\N	\N	5565707f6ed94.jpg	\N	2015-05-27 10:21:35	2015-06-10 17:57:45
22	2	35	Маверик. История успеха самой необычной компании в мире	\N	\N	55656d6c09d78.jpg	\N	2015-05-27 10:08:28	2015-06-11 10:36:55
28	\N	\N	Камасутра для оратора	<p>Нет смысла ее сжимать. Автор подробно описывает техники, которые позволят Вам &nbsp;стать настоящим оратором. Хочешь нормально говорить? Немедленно берись за книгу!))</p>	\N	55656fa5e5e78.jpg	\N	2015-05-27 10:17:57	2015-06-11 11:42:39
42	1	20	Окно возможностей	<p>Всё прогрессивное человечество, как нам говорят, абсолютно естественным образом приняло геев, их&nbsp;субкультуру, их&nbsp;право заключать браки, усыновлять детей и&nbsp;пропагандировать свою сексуальную ориентацию в&nbsp;школах и&nbsp;детских садах. Нам говорят, что всё это&nbsp;&mdash; естественный ход вещей.&nbsp;Нам лгут.&nbsp;Ложь о&nbsp;естественном ходе вещей опроверг американский социолог Джозеф Овертон, описавший технологию изменения отношения общества к&nbsp;некогда принципиальным для этого общества вопросам.<br>Прочитайте это описание и&nbsp;станет понятно, как легализуют гомосексуализм и&nbsp;однополые браки. Станет совершенно очевидно, что работа по&nbsp;легализации педофилии и&nbsp;инцеста будет завершена в&nbsp;Европе уже в&nbsp;ближайшие годы. Как и&nbsp;детская эвтаназия, кстати.<br>Что ещё можно вытащить оттуда в&nbsp;наш мир, используя технологию, описанную Овертоном?</p><p>Она работает безотказно.</p><p>Джозеф П. Овертон (1960-2003), старший вице-президент центра общественой политики Mackinac Center. Погиб в&nbsp;авиакатастрофе. Сформулировал модель изменения представления проблемы в&nbsp;общественном мнении, посмертно названную Окном Овертона.</p><p>Джозеф Овертон описал, как совершенно чуждые обществу идеи были подняты из&nbsp;помойного бака общественного презрения, отмыты&nbsp;и, в&nbsp;конце концов, законодательно закреплены.&nbsp;Согласно Окну возможностей Овертона, для каждой идеи или проблемы в&nbsp;обществе существует т.н. окно возможностей. В&nbsp;пределах этого окна идею могут или не&nbsp;могут широко обсуждать, открыто поддерживать, пропагандировать, пытаться закрепить законодательно. Окно двигают, меняя тем самым веер возможностей, от&nbsp;стадии &laquo;немыслимое&raquo;, то&nbsp;есть совершенно чуждое общественной морали, полностью отвергаемое до&nbsp;стадии &laquo;актуальная политика&raquo;, то&nbsp;есть уже широко обсуждённое, принятое массовым сознанием и&nbsp;закреплённое в&nbsp;законах.&nbsp;Это не&nbsp;промывание мозгов как таковое, а&nbsp;технологии более тонкие. Эффективными их&nbsp;делает последовательное, системное применение и&nbsp;незаметность для общества-жертвы самого факта воздействия.&nbsp;Ниже я&nbsp;на&nbsp;примере разберу, как шаг за&nbsp;шагом общество начинает сперва обсуждать нечто неприемлемое, затем считать это уместным, а&nbsp;в&nbsp;конце концов смиряется с&nbsp;новым законом, закрепляющим и&nbsp;защищающим некогда немыслимое.&nbsp;Возьмём для примера что-то совершенно невообразимое. Допустим, каннибализм, то&nbsp;есть идею легализовать право граждан на&nbsp;поедание друг друга. Достаточно жёсткий пример?<br>Но&nbsp;всем очевидно, что прямо сейчас (2014г.) нет возможности развернуть пропаганду каннибализма&nbsp;&mdash; общество встанет на&nbsp;дыбы. Такая ситуация означает, что проблема легализации каннибализма находится в&nbsp;нулевой стадии окна возможностей. Эта стадия, согласно теории Овертона, называется &laquo;Немыслимое&raquo;. Смоделируем теперь, как это немысливое будет реализовано, пройдя все стадии окна возможностей.</p><p>ТЕХНОЛОГИЯ</p><p>Ещё раз повторю, Овертон описал ТЕХНОЛОГИЮ, которая позволяет легализовать абсолютно любую идею.&nbsp;Обратите внимание! Он&nbsp;не&nbsp;концепцию предложил, не&nbsp;мысли свои сформулировал некоторым образом&nbsp;&mdash; он&nbsp;описал работающую технологию. То&nbsp;есть такую последовательность действий, исполнение которой неизменно приводит к&nbsp;желаемому результату. В&nbsp;качестве оружия для уничтожения человеческих сообществ такая технология может быть эффективнее термоядерного заряда.</p><p>КАК ЭТО СМЕЛО!</p><p>Тема каннибализма пока ещё отвратительна и&nbsp;совершенно не&nbsp;приемлема в&nbsp;обществе. Рассуждать на&nbsp;эту тему нежелательно ни&nbsp;в&nbsp;прессе, ни, тем более, в&nbsp;приличной компании. Пока это немыслимое, абсурдное, запретное явление. Соответственно, первое движение Окна Овертона&nbsp;&mdash; перевести тему каннибализма из&nbsp;области немыслимого в&nbsp;область радикального.&nbsp;У&nbsp;нас ведь есть свобода слова.&nbsp;Ну, так почему&nbsp;бы не&nbsp;поговорить о&nbsp;каннибализме?&nbsp;Учёным вообще положено говорить обо всём подряд&nbsp;&mdash; для учёных нет запретных тем, им&nbsp;положено всё изучать. А&nbsp;раз такое дело, соберём этнологический симпозиум по&nbsp;теме &laquo;Экзотические обряды племён Полинезии&raquo;. Обсудим на&nbsp;нём историю предмета, введём её&nbsp;в&nbsp;научный оборот и&nbsp;получим факт авторитетного высказывания о&nbsp;каннибализме.&nbsp;Видите, о&nbsp;людоедстве, оказывается, можно предметно поговорить и&nbsp;как&nbsp;бы остаться в&nbsp;пределах научной респектабельности. &nbsp;Окно Овертона уже двинулось. То&nbsp;есть уже обозначен пересмотр позиций. Тем самым обеспечен переход от&nbsp;непримиримо отрицательного отношения общества к&nbsp;отношению более позитивному.&nbsp;Одновременно с&nbsp;околонаучной дискуссией непременно должно появиться какое-нибудь &laquo;Общество радикальных каннибалов&raquo;. И&nbsp;пусть оно будет представлено лишь в&nbsp;интернете&nbsp;&mdash; радикальных каннибалов непременно заметят и&nbsp;процитируют во&nbsp;всех нужных СМИ.&nbsp;Во-первых, это ещё один факт высказывания. А&nbsp;во-вторых, эпатирующие отморозки такого специального генезиса нужны для создания образа радикального пугала. Это будут &laquo;плохие каннибалы&raquo; в&nbsp;противовес другому пугалу&nbsp;&mdash; &laquo;фашистам, призывающим сжигать на&nbsp;кострах не&nbsp;таких, как они&raquo;. Но&nbsp;о&nbsp;пугалах чуть ниже. Для начала достаточно публиковать рассказы о&nbsp;том, что думают про поедание человечины британские учёные и&nbsp;какие-нибудь радикальные отморозки иной природы.&nbsp;Результат первого движения Окна Овертона: неприемлемая тема введена в&nbsp;оборот, табу десакрализовано, произошло разрушение однозначности проблемы&nbsp;&mdash; созданы &laquo;градации серого&raquo;.</p><p>ПОЧЕМУ БЫ&nbsp;И&nbsp;НЕТ?</p><p>Следующим шагом Окно движется дальше и&nbsp;переводит тему каннибализма из&nbsp;радикальной области в&nbsp;область возможного.&nbsp;На&nbsp;этой стадии продолжаем цитировать &laquo;учёных&raquo;. Ведь нельзя&nbsp;же отворачиваться от&nbsp;знания? Про каннибализм. Любой, кто откажется это обсуждать, должен быть заклеймён как ханжа и&nbsp;лицемер. &nbsp;Осуждая ханжество, обязательно нужно придумать каннибализму элегантное название. Чтобы не&nbsp;смели всякие фашисты навешивать на&nbsp;инакомыслящих ярлыки со&nbsp;словом на&nbsp;букву &laquo;Ка&raquo;.&nbsp;Внимание! Создание эвфемизма&nbsp;&mdash; это очень важный момент. Для легализации немыслимой идеи необходимо подменить её&nbsp;подлинное название. &nbsp;Нет больше каннибализма. &nbsp;Теперь это называется, например, антропофагия. Но&nbsp;и&nbsp;этот термин совсем скоро заменят ещё раз, признав и&nbsp;это определение оскорбительным. &nbsp;Цель выдумывания новых названий&nbsp;&mdash; увести суть проблемы от&nbsp;её&nbsp;обозначения, оторвать форму слова от&nbsp;его содержания, лишить своих идеологических противников языка. Каннибализм превращается в&nbsp;антропофагию, а&nbsp;затем в&nbsp;антропофилию, подобно тому, как преступник меняет фамилии и&nbsp;паспорта.&nbsp;Параллельно с&nbsp;игрой в&nbsp;имена происходит создание опорного прецедента&nbsp;&mdash; исторического, мифологического, актуального или просто выдуманного, но&nbsp;главное&nbsp;&mdash; легитимированного. Его&nbsp;найдут или придумают как &laquo;доказательство&raquo; того, что антропофилия может быть в&nbsp;принципе узаконена.&nbsp;&laquo;Помните легенду о&nbsp;самоотверженной матери, напоившей своей кровью умирающих от&nbsp;жажды детей?&raquo;&nbsp;&laquo;А&nbsp;истории античных богов, поедавших вообще всех подряд&nbsp;&mdash; у&nbsp;римлян это было в&nbsp;порядке вещей!&raquo;&nbsp;&laquo;Ну, а&nbsp;у&nbsp;более близких нам христиан, тем более, с&nbsp;антропофилией всё в&nbsp;полном порядке! Они до&nbsp;сих пор ритуально пьют кровь и&nbsp;едят плоть своего бога. Вы&nbsp;же не&nbsp;обвиняете в&nbsp;чём-то христианскую церковь? Да&nbsp;кто вы&nbsp;такие, чёрт вас побери?&raquo;&nbsp;Главная задача вакханалии этого этапа&nbsp;&mdash; хотя&nbsp;бы частично вывести поедание людей из-под уголовного преследования. Хоть раз, хоть в&nbsp;какой-то исторический момент.</p><p>ТАК И&nbsp;НАДО</p><p>После того как предоставлен легитимирующий прецендент, появляется возможность двигать Окно Овертона с&nbsp;территории возможного в&nbsp;область рационального. &nbsp;Это третий этап. На&nbsp;нём завершается дробление единой проблемы.&nbsp;&laquo;Желание есть людей генетически заложено, это в&nbsp;природе человека&raquo;&nbsp;&laquo;Иногда съесть человека необходимо, существуют непреодолимые обстоятельства&raquo;&nbsp;&laquo;Есть люди, желающие чтобы их&nbsp;съели&raquo;&nbsp;&laquo;Антропофилов спровоцировали!&raquo;&nbsp;&laquo;Запретный плод всегда сладок&raquo;&nbsp;&laquo;Свободный человек имеет право решать что ему есть&raquo;&nbsp;&laquo;Не&nbsp;скрывайте информацию и&nbsp;пусть каждый поймёт, кто он&nbsp;&mdash; антропофил или антропофоб&raquo;&nbsp;&laquo;А&nbsp;есть&nbsp;ли в&nbsp;антропофилии вред? Неизбежность его не&nbsp;доказана&raquo;.<br>В&nbsp;общественном сознании искусственно создаётся &laquo;поле боя&raquo; за&nbsp;проблему. На&nbsp;крайних флангах размещают пугала&nbsp;&mdash; специальным образом появившихся радикальных сторонников и&nbsp;радикальных противников людоедства. Реальных противников&nbsp;&mdash; то&nbsp;есть нормальных людей, не&nbsp;желающих оставаться безразличными к&nbsp;проблеме растабиурования людоедства&nbsp;&mdash; стараются упаковать вместе с&nbsp;пугалами и&nbsp;записать в&nbsp;радикальные ненавистники. Роль этих пугал&nbsp;&mdash; активно создавать образ сумасшедших психопатов&nbsp;&mdash; агрессивные, фашиствующие ненавистники антропофилии, призывающие жечь заживо людоедов, жидов, коммунистов и&nbsp;негров. Присутствие в&nbsp;СМИ обеспечивают всем перечисленным, кроме реальных противников легализации.&nbsp;При таком раскладе сами т.н. антропофилы остаются как&nbsp;бы посередине между пугалами, на&nbsp;&laquo;территории разума&raquo;, откуда со&nbsp;всем пафосом &laquo;здравомыслия и&nbsp;человечности&raquo; осуждают &laquo;фашистов всех мастей&raquo;.&nbsp;&laquo;Учёные&raquo; и&nbsp;журналисты на&nbsp;этом этапе доказывают, что человечество на&nbsp;протяжении всей своей истории время от&nbsp;времени поедало друг друга, и&nbsp;это нормально. Теперь тему антропофилии можно переводить из&nbsp;области рационального, в&nbsp;категорию популярного. Окно Овертона движется дальше.</p><p>В&nbsp;ХОРОШЕМ СМЫСЛЕ</p><p>Для популяризации темы каннибализма необходимо поддержать её&nbsp;поп-контентом, сопрягая с&nbsp;историческими и&nbsp;мифологическими личностями, а&nbsp;по&nbsp;возможности и&nbsp;с&nbsp;современными медиаперсонами. Антропофилия массово проникает в&nbsp;новости и&nbsp;токшоу. Людей едят в&nbsp;кино широкого проката, в&nbsp;текстах песен и&nbsp;видеоклипах. &nbsp;Один из&nbsp;приёмов популяризации называется &laquo;Оглянитесь по&nbsp;сторонам!&raquo; &nbsp;&laquo;Разве вы&nbsp;не&nbsp;знали, что один известный композитор&nbsp;&mdash; того?.. антропофил.&raquo;&nbsp;&laquo;А&nbsp;один всем известный польский сценарист&nbsp;&mdash; всю жизнь был антропофилом, его даже преследовали.&raquo; &laquo;А&nbsp;сколько их&nbsp;по&nbsp;психушкам сидело! Сколько миллионов выслали, лишили гражданства!.. Кстати, как вам новый клип Леди Гаги &laquo;Eat&nbsp;me, baby&raquo;?&nbsp;На&nbsp;этом этапе разрабатываемую тему выводят в&nbsp;ТОП и&nbsp;она начинает автономно самовоспроизводиться в&nbsp;массмедиа, шоубизнесе и&nbsp;политике.&nbsp;Другой эффективный приём: суть проблемы активно забалтывают на&nbsp;уровне операторов информации (журналистов, ведущих телепередач, общественников и&nbsp;тд), отсекая от&nbsp;дискуссии специалистов. &nbsp;Затем, в&nbsp;момент, когда уже всем стало скучно и&nbsp;обсуждение проблемы зашло в&nbsp;тупик, приходит специальным образом подобранный профессионал и&nbsp;говорит: &laquo;Господа, на&nbsp;самом деле всё совсем не&nbsp;так. И&nbsp;дело не&nbsp;в&nbsp;том, а&nbsp;вот в&nbsp;этом. И&nbsp;делать надо то-то и&nbsp;то-то&raquo;&nbsp;&mdash; и&nbsp;даёт тем временем весьма определённое направление, тенденциозность которого задана движением &laquo;Окна&raquo;.&nbsp;Для оправдания сторонников легализации используют очеловечивание преступников посредством создания им&nbsp;положительного образа через не&nbsp;сопряжённые с&nbsp;преступлением характеристики. &nbsp;&laquo;Это&nbsp;же творческие люди. Ну, съел жену и&nbsp;что?&raquo;&nbsp;&laquo;Они искренне любят своих жертв. Ест, значит любит!&raquo;&nbsp;&laquo;У&nbsp;антропофилов повышенный&nbsp;IQ и&nbsp;в&nbsp;остальном они придерживаются строгой морали&raquo;&nbsp;&laquo;Антропофилы сами жертвы, их&nbsp;жизнь заставила&raquo;&nbsp;&laquo;Их&nbsp;так воспитали&raquo; и&nbsp;т.д.&nbsp;Такого рода выкрутасы&nbsp;&mdash; соль популярных ток-шоу. &nbsp;&laquo;Мы&nbsp;расскажем вам трагическую историю любви! Он&nbsp;хотел её&nbsp;съесть! А&nbsp;она лишь хотела быть съеденной! Кто&nbsp;мы, чтобы судить&nbsp;их? Быть может, это&nbsp;&mdash; любовь? Кто вы&nbsp;такие, чтобы вставать у&nbsp;любви на&nbsp;пути?!&raquo;</p><p>МЫ&nbsp;ЗДЕСЬ ВЛАСТЬ</p><p>К&nbsp;пятому этапу движения Окна Овертона переходят, когда тема разогрета до&nbsp;возможности перевести её&nbsp;из&nbsp;категории популярного в&nbsp;сферу актуальной политики. &nbsp;Начинается подготовка законодательной базы. Лоббистские группировки во&nbsp;власти консолидируются и&nbsp;выходят из&nbsp;тени. Публикуются социологические опросы, якобы подтверждающие высокий процент сторонников легализации каннибализма. Политики начинают катать пробные шары публичных высказываний на&nbsp;тему законодательного закрепления этой темы. В&nbsp;общественное сознание вводят новую догму&nbsp;&mdash; &laquo;запрещение поедания людей запрещено&raquo;. &nbsp;Это фирменное блюдо либерализма&nbsp;&mdash; толерантность как запрет на&nbsp;табу, запрет на&nbsp;исправление и&nbsp;предупреждение губительных для общества отклонений.&nbsp;Во&nbsp;время последнего этапа движения Окна из&nbsp;категории &laquo;популярное&raquo; в&nbsp;&laquo;актуальную политику&raquo; общество уже сломлено. Самая живая его часть ещё как-то будет сопротивляться законодательному закреплению не&nbsp;так давно ещё немыслимых вещей. Но&nbsp;в&nbsp;целом уже общество сломлено. Оно уже согласилось со&nbsp;своим поражением.&nbsp;Приняты законы, изменены (разрушены) нормы человеческого существования, далее отголосками эта тема неизбежна докатится до&nbsp;школ и&nbsp;детских садов, а&nbsp;значит следующее поколение вырастет вообще без шанса на&nbsp;выживание. Так было с&nbsp;легализацией педерастии (теперь они требуют называть себя геями). Сейчас на&nbsp;наших глазах Европа легализует инцест и&nbsp;детскую эвтаназию.</p><p>КАК СЛОМАТЬ ТЕХНОЛОГИЮ</p><p>Описанное Овертоном Окно возможностей легче всего движется в&nbsp;толерантном обществе. В&nbsp;том обществе, у&nbsp;которого нет идеалов, и, как следствие, нет чёткого разделения добра и&nbsp;зла. Вы&nbsp;хотите поговорить о&nbsp;том, что ваша мать&nbsp;&mdash; шлюха? Хотите напечатать об&nbsp;этом доклад в&nbsp;журнале? Спеть песню. Доказать в&nbsp;конце концов, что быть шлюхой&nbsp;&mdash; это нормально и&nbsp;даже необходимо? Это и&nbsp;есть описанная выше технология. Она опирается на&nbsp;вседозволенность. Нет табу. Нет ничего святого. Нет сакральных понятий, само обсуждение которых запрещено, а&nbsp;их&nbsp;грязное обмусоливание&nbsp;&mdash; пресекается немедленно. Всего этого нет. А&nbsp;что есть?&nbsp;Есть так называемая свобода слова, превращённая в&nbsp;свободу расчеловечивания. На&nbsp;наших глазах, одну за&nbsp;другой, снимают рамки, ограждавшие обществу бездны самоуничтожения. Теперь дорога туда открыта. Ты&nbsp;думаешь, что в&nbsp;одиночку не&nbsp;сможешь ничего изменить?&nbsp;Ты&nbsp;совершенно прав, в&nbsp;одиночку человек не&nbsp;может ни&nbsp;черта.&nbsp;Но&nbsp;лично ты&nbsp;обязан оставаться человеком. А&nbsp;человек способен найти решение любой проблемы. И&nbsp;что не&nbsp;сумеет один&nbsp;&mdash; сделают люди, объединённые общей идеей. Оглянись по&nbsp;сторонам.</p>	\N	55657784a4636.jpg	\N	2015-05-27 10:50:45	2015-06-03 15:52:32
41	\N	24	Менеджер и его время, или Кому достанется обезьяна?	<h3>Смарт-версия от автора блога.</h3><p>Почему руководителю обычно не хватает рабочего дня, тогда как подчиненным часто нечем его заполнить? Чтобы ответить на этот вопрос, внимательно посмотрим на структуру рабочего времени менеджера. Мы сразу увидим, что в ходе работы он вступает во взаимодействие трех разных типов: с начальством, другими менеджерами и подчиненными. Это позволяет нам разделить временной ресурс руководителя на три компонента: &bull;&nbsp;<i>время менеджера, которым распоряжается его босс,</i>&nbsp;&ndash; часть временного ресурса, которая расходуется на деятельность, навязываемую начальством. Если менеджер пренебрегает этими обязанностями, его ждет наказание; &bull;&nbsp;<i>время, которое забирает система,</i>&nbsp;&ndash; часть временного ресурса, затрачиваемая на выполнение просьб менеджеров других подразделений. Пренебрежение этой деятельностью тоже влечет за собой расплату, хотя не столь скорую и, возможно, опосредованную; &bull;&nbsp;<i>время, которое менеджер тратит на собственные инициативы,</i>&nbsp;&ndash; часть временного ресурса, которую менеджер тратит на реализацию собственных замыслов и выполнение обязанностей, взятых им на себя добровольно. Однако некоторую долю из этого запаса съедают подчиненные &ndash; назовем это временем, которым распоряжаются подчиненные. То, что остается, &ndash; время, распределяемое по собственному усмотрению. Разумеется, невыполнение собственных замыслов не сопровождается дисциплинарными взысканиями: ни начальство, ни система не могут наказать менеджера за пренебрежение обязанностями, о которых знает лишь он сам.</p><p>Чтобы согласовать между собой все составляющие, менеджеру необходимо установить и поддерживать контроль над содержанием и расходованием своего временного ресурса. Поскольку требования, предъявляемые начальством и системой, обязательны к исполнению, эти составляющие менеджеру неподвластны. Единственный компонент, который оставляет простор для маневра, &ndash; это время, затрачиваемое на собственные инициативы. И тут основная задача менеджера &ndash; максимально увеличить время, расходуемое по собственному усмотрению, и минимизировать или даже свести к нулю ту часть, которую отнимают подчиненные. Полученный выигрыш поможет ему успешнее выполнять требования начальства и системы.</p><p>Между тем большинство менеджеров даже не подозревают, сколько драгоценных часов они теряют, решая задачи своих подчиненных. Чтобы продемонстрировать, как возникают такого рода проблемы и что делать с ними руководителю, мы используем образ &ldquo;обезьяна на спине&rdquo;, уподобив проблемы обезьянам, которые так и норовят поскорее сбежать от своего хозяина и оседлать его босса.</p><p><b>У кого останется обезьяна?</b></p><p>Менеджер идет по коридору и встречает своего подчиненного. Сотрудник по фамилии Джонс, едва успев поздороваться с начальником, заводит такой разговор: &ldquo;Кстати, у нас там возникла проблема. Дело в том, что&hellip;&rdquo;</p><p>Слушая Джонса, менеджер понимает, что: а) он в принципе может помочь подчиненному; б) он не может решить проблему мгновенно. В результате менеджер отвечает: &ldquo;Хорошо, что вы мне об этом сказали. Сейчас мне некогда, но я подумаю и сообщу вам, что тут можно сделать&rdquo;. И они расходятся каждый по своим делам.</p><p>У кого на спине сидела обезьяна до разговора? У подчиненного. А после разговора? Правильно, у менеджера. В тот момент, когда обезьяна перепрыгивает на спину начальника, он начинает расходовать свой временной ресурс на решение проблем подчиненных. И длится это до тех пор, пока обезьяна не вернется к своему законному владельцу, обязанному заботиться о ней. Подставив обезьяне свою спину, менеджер добровольно занимает положение подчиненного своих подчиненных. Наш герой сделал то, что начальники требуют от своих сотрудников: он принял на себя ответственность за решение проблемы и пообещал отчитаться о выполнении задания.</p><p>Джонс наверняка позаботится о том, чтобы босс не забыл о своих обязанностях, &ndash; он заглянет к менеджеру в кабинет и весело спросит: &ldquo;Ну, как там наши дела?&rdquo; Вот вам и контроль за выполнением порученной работы!</p><p>Рассмотрим иной вариант. Допустим, выслушав аналогичный рассказ о проблеме от другого подчиненного (назовем его Джонсон), менеджер говорит: &ldquo;Ладно, напишите мне об этом&rdquo;. Здесь обезьяна вроде бы остается на спине у подчиненного, поскольку следующий ход за ним. Но обратите внимание: она уже изготовилась к прыжку. Действительно, Джонсон послушно пишет письмо и нажимает на кнопку &ldquo;Отправить&rdquo;, а начальник обнаруживает послание в своем почтовом ящике и читает его. За кем теперь ход? За начальником. Если менеджер в ближайшее время не сделает то, чего ждет подчиненный, он получит очередное напоминание (еще одна форма контроля за исполнением!). Чем дольше будет тянуть менеджер с ответными действиями, тем большее нетерпение станет проявлять Джонсон, а главное, тем более виноватым будет чувствовать себя начальник &ndash; ведь его &ldquo;долговые обязательства&rdquo; перед подчиненным растут!</p><p>А вот еще одна ситуация. На этот раз свою проблему излагает Смит &ndash; ему поручено организовать маркетинговую акцию. Обсудив задачу, менеджер предлагает: &ldquo;Как только понадобится моя помощь, дайте мне знать&rdquo;. Опять-таки обезьяна изначально сидит на спине у подчиненного. Но долго ли это продлится? Смит понимает, что не может просить о помощи, пока его предложения не одобрит менеджер. Кроме того, подчиненный по опыту знает, что начальник, получив эти предложения, скорее всего по-настоящему займется ими лишь по прошествии нескольких недель. На чьей спине в этом случае сидит обезьяна? Кто кого при этом контролирует? Впрочем, одно ясно уже сейчас: усилия тратятся впустую, дело не движется.</p><p>Четвертого подчиненного, Рида, только что перевели из другого подразделения компании &ndash; ему поручено создать новое направление и стать его руководителем. Приглашая Рида обсудить работу, начальник говорит: &ldquo;Перед встречей я набросаю основные тезисы, и мы их посмотрим&rdquo;. Итак, перед сотрудником официально поставлена задача, на него возложена полная ответственность за проект, но первый шаг все-таки за начальником. И пока менеджер не сделает этот шаг, обезьяна останется при нем, а подчиненный будет бездействовать.</p><p>Почему так происходит? Дело в том, что во всех описанных случаях и руководитель, и подчиненный с самого начала подразумевают, что речь идет об их общей проблеме. Обезьяна, таким образом, располагается на двух спинах сразу &ndash; ей остается только выбрать, где именно обосноваться. И каждый раз подчиненный избавляется от нежелательной ноши, а у менеджера появляется еще один подопечный. Правда, иногда удается выдрессировать обезьяну так, что она не будет делать попыток переместиться на спину босса. Но разве не проще запретить ей оседлывать двоих?</p><p><b>Кто на кого работает?</b></p><p>Предположим, все четыре сотрудника ценят время своего начальника и каждый внимательно следит за тем, чтобы не одарить босса более чем тремя обезьянами за день. Таким образом, к концу рабочей недели менеджера облепляют 60 назойливых животных. Это означает, что он не в состоянии заниматься ни одной из задач &ndash; постоянно приходится перетасовывать их, определяя наиболее приоритетные.</p><p>В пятницу вечером, закрывшись в своем кабинете, менеджер с тоской перебирает варианты, а недовольные Смит, Рид, Джонс и Джонсон ждут за дверью, чтобы до выходных еще раз напомнить шефу о необходимости действовать побыстрее. Вообразите, в каких выражениях они при этом будут о нем отзываться: &ldquo;Вот где у нас узкое место! Да он просто не в состоянии ничего придумать! Удивительно, как таким нерешительным людям удается занимать столь высокие должности&hellip;&rdquo;</p><p>А бедный менеджер не может сделать очередной шаг из-за недостатка времени: оно почти полностью уходит на выполнение требований его собственного начальника и системы. Чтобы лучше справляться с этими задачами, нужно хоть немного свободного времени из резерва &ldquo;на собственное усмотрение&rdquo;, но его растаскивает суетливая обезьянья стая. Менеджер попадает в порочный круг.</p><p>Отчаявшись, руководитель просит секретаршупередать всем четверым, что сможет встретиться с ними только в понедельник. В семь вечера он наконец-то уезжает домой с твердым намерением вернуться в офис на следующий день, чтобы за уик-энд разгрести накопившуюся гору дел. В субботу, с утра пораньше, он приезжает на работу и, выглянув в окно, замечает на лужайке для гольфа группу из четырех человек, занятых полноценным отдыхом&hellip; Вы, наверное, догадались, кто эти четверо?</p><p>Вот оно что! Теперь до менеджера доходит, кто на кого работает. Более того, он понимает, что, если действительно разберется с накопившимися делами за выходные, это очень понравится подчиненным и каждый из них с удовольствием будет навешивать на него все больше и больше обезьян. Короче говоря, наш менеджер прозрел: он понимает, что, пытаясь наверстать упущенное, отстает все больше и больше.</p><p>Пулей вылетает он из своего кабинета, будто спасаясь от чумы. Чем он теперь займется? Будет наверстывать упущенное, но совсем в другой области &ndash; например, проведет выходные с семьей, чего не делал уже много лет. (Неплохой, кстати, вариант расходования времени &ldquo;по собственному усмотрению&rdquo;.)</p><p>В понедельник, прекрасно отдохнув и великолепно выспавшись, менеджер отправляется на работу, имея четкий план действий. В его рабочем графике отныне нет места &ldquo;времени, которым распоряжаются подчиненные&rdquo;. Ликвидация этой позиции позволяет увеличить временной ресурс, расходуемый по собственному усмотрению. Конечно, какое-то время придется тратить на общение с подчиненными, ведь нужно убедиться, что те вполне овладели трудным, но необходимым искусством полноценного ухода за обезьянами. Из появившегося у менеджера &ldquo;своего&rdquo; времени можно будет также выкроить солидный кусок для того, чтобы лучше управляться с требованиями босса и системы. На перестройку, вероятно, уйдет не один месяц, но это не должно пугать, поскольку преимущества новой схемы распределения времени огромны. Теперь главная цель менеджера &ndash; управлять своим временем.</p><p><b>Прощание с обезьянами</b></p><p>В понедельник менеджер приходит на работу довольно поздно. Джонс, Джонсон, Смит и Рид уже собрались у дверей его кабинета, горя желанием напомнить боссу о своих обезьянах. Он вызывает их в кабинет по одному. Взяв очередную обезьяну, менеджер сажает ее на стол и вместе с подчиненным решает, что следует предпринять, чтобы передать ему ход. С некоторыми обезьянами не так-то просто разобраться. В особо сложных случаях менеджер может даже отложить принятие решения &ndash; пусть обезьяна подремлет на спине у подчиненного (там она может спать ничуть не хуже, чем на спине начальника),а завтра тот снова зайдет к боссу, и они продолжат совместные поиски правильного хода.</p><p>Завершив беседу, руководитель с удовольствием наблюдает, как очередная обезьяна, удобно устроившись на плече Джонса (Рида, Смита&hellip;), покидает его кабинет. Теперь сотрудники уже не поджидают менеджера под дверью &ndash; это он ждет, пока кто-то обратится к нему. Впрочем, отлично понимая, что конструктивное вмешательство &ndash; вещь нелишняя, шеф нет-нет да и заглянет в комнату подчиненного, чтобы добродушно поинтересоваться: &ldquo;Ну, как там наши дела?&rdquo; При этом начальник расходует время &ldquo;по собственному усмотрению&rdquo;, а подчиненный &ndash; согласно требованиям босса.</p><p>На следующий день, когда в назначенный час сотрудник с обезьяной на спине явится к начальнику, тот изложит ему новые правила игры. &bull; Пока я помогаю вам решить эту или какую-либо иную проблему, она ни на секунду не перестает быть вашей, и только вашей. Ведь если она становится моей, то вы от нее избавляетесь. А как я могу помочь человеку, у которого нет проблем? &bull; Когда наша беседа закончится, проблема покинет пределы моего кабинета так же, как она сюда вошла, &ndash; вместе с вами. Вы можете просить моей помощи в назначенное для этого время, и тогда мы вместе определим, каким должен быть следующий шаг и с чьей стороны. &bull; В тех редких случаях, когда следующий шаг буду обязан сделать я, решение мы примем совместно. Сам, в одиночку, я больше пальцем не пошевелю.</p><p>Эту схему начальник доводит до каждого из подчиненных, и, когда за последним из них закрывается дверь, он вдруг осознает, что больше нет необходимости держать дверь закрытой: обезьян возле него нет. Они, конечно, вернутся, но лишь в назначенное им время. Гарантия тому &ndash; его органайзер.</p><p><b>Передача инициативы</b></p><p>Итак, у менеджера есть возможность вернуть навязанную ему обезьяну настоящему хозяину. Но надо заметить: прежде чем поощрять инициативность у подчиненного, начальник должен убедиться в том, что тот в принципе ею обладает. Если менеджер допустит, чтобы инициатива перешла к нему, он может распрощаться со временем, которое расходует по собственному усмотрению: оно будет целиком посвящено проблемам подчиненных.</p><p>Следует также помнить,что менеджер и его подчиненный не могут продвигать одну и ту же инициативу. Слова &ldquo;Босс, у нас проблема&rdquo; &ndash; сигнал опасности, который должен насторожить начальника: это значит, что обезьяна сидит сразу на двух спинах.</p><p>В отношениях с начальством и системой можно выделить пять уровней инициативности менеджера. Их типичные проявления таковы (уровни расположены по нарастающей &ndash; от самого низкого до самого высокого): 1. Менеджер ждет, пока поступит прямое указание. 2. Менеджер спрашивает, что нужно делать. 3. Менеджер предлагает свой план, который затем реализует. 4. Менеджер действует самостоятельно, по ходу дела спрашивая совета. 5. Менеджер действует совершенно самостоятельно и в конце представляет отчет о проделанной работе.</p><p>Естественно, руководитель, обладающий достаточным профессионализмом, не должен довольствоваться вариантами 1 и 2. Если он выбирает вариант 1, то утрачивает контроль за тем, чем наполнено и как расходуется время, предназначенное на выполнение требований босса и системы. Фактически такой менеджер теряет право быть недовольным порученным ему заданием и установленными сроками исполнения. Действуя по схеме 2, менеджер может контролировать сроки, но не содержание работы. Если же его инициативность соответствует уровням 3, 4 или 5, ему подконтрольны и фактор содержания, и фактор распределения времени. И естественно, максимум свободы получает тот, кто находится на уровне 5.</p><p>В отношениях с подчиненными менеджер должен преследовать две цели. Первая &ndash; пресекать попытки действовать по схемам 1 и 2, чтобы у подчиненных не оставалось иного пути, кроме как все лучше и лучше постигать концепцию &ldquo;завершенной работы персонала&rdquo; (completed staff work, CSW). Вторая цель &ndash; следить, чтобы по каждой проблеме, покидающей менеджерский кабинет, была достигнута договоренность об уровне инициативности исполнителя, а также времени следующей встречи (тут на помощь руководителю приходит органайзер).</p><p><b>Искусство ухода за обезьяной</b></p><p>В обращении с обезьянами необходимо неукоснительно соблюдать пять основных правил.</p><p><b>Правило 1.</b>&nbsp;Обезьян следует кормить или пристреливать. Если этого не делать, они умрут с голоду и менеджеру придется тратить время на реанимацию или &ndash; увы! &ndash; на вскрытие.</p><p><b>Правило 2.</b>&nbsp;Численность стаи должна быть меньше того максимума, который менеджер в состоянии обслуживать. Если обезьяне обеспечен хороший уход, на кормление уходит от 5 до 15 минут.</p><p><b>Правило 3.</b>&nbsp;Обезьян следует кормить строго по расписанию. Абсолютно недопустимо бросаться на поиски умирающих от голода животных, пытаясь накормить хотя бы тех, кто попался под руку.</p><p><b>Правило 4.</b>&nbsp;Кормить обезьян нужно в режиме личного общения или по телефону. Электронная почта не годится (помните: при обмене электронными посланиями очередной ход оказывается за менеджером). Документация &ndash; хорошая добавка к рациону обезьяны, но она не может заменить основной процесс кормления.</p><p>Правило 5. Каждой обезьяне должно быть назначено время следующего кормления &ndash; и обязательно с указанием уровня инициативности. Договоренности могут быть в любой момент пересмотрены по обоюдному согласию, но они всегда должны быть четкими и однозначными. Если это правило не соблюдать, обезьяна либо умрет, либо переберется на спину руководителя.</p><p>Главный совет менеджеру, желающему организовать свое время, звучит так: &ldquo;Добейтесь контроля над содержанием и расходованием своего временного ресурса&rdquo;. Первое требование бизнеса: менеджер должен увеличить долю времени, расходуемого по собственному усмотрению, за счет ликвидации составляющей &ldquo;время на решение проблем подчиненных&rdquo;. Требование второе: направляя часть высвободившегося ресурса на обучение подчиненных, менеджер должен добиться, чтобы каждый из них проявлял инициативу. Третье: остаток образовавшегося ресурса следует использовать для оптимизации деятельности, связанной с требованиями начальства и системы. Выполняя эти условия, руководитель получит возможность практически неограниченно повышать продуктивность каждого часа, потраченного на управление своим временем.</p><p><b>Время заняться гориллами</b><br>1974 году, когда Билл Онкен писал эту статью, положение менеджеров было ужасным. Они отчаянно пытались высвободить себе немного времени, но всеобъемлющая система командования и контроля не давала им такой возможности. У руководителей не было полномочий, чтобы позволить подчиненным самостоятельно принимать решения (слишком опасно! слишком рискованно!). В этих условиях идея Онкена о необходимости вернуть обезьяну законному владельцу произвела едва ли не революцию в управлении.</p><p>Сформулировав свои правила обращения с обезьянами, Онкен создал инструмент, позволяющий контролировать драгоценный ресурс руководителя &ndash; время. Управленческая философия, основанная на принципах командования и контроля, практически ушла в прошлое: сегодня в большинстве организаций самой популярной стала концепция делегирования полномочий. И все же полностью отказаться от системы командования и контроля не удается.</p><p>Делегирование полномочий подчиненным &ndash; сложное дело. Ведь вы можете предоставить исполнителю самостоятельность лишь в том случае, если уверены, что у него есть желание и умение действовать самостоятельно. Но подчиненный далеко не всегда хочет и совсем не обязательно может это делать. Зачастую начальник должен соответствующим образом подготовить персонал, а на это ему, возможно, придется потратить больше времени, чем на решение проблемы собственными силами.</p><p>Кроме того, делегирование полномочий окупается только в том случае, если вся организация с ее формальными процедурами и неформальной культурой ориентирована на поддержку такой схемы работы. За делегирование полномочий и обучение сотрудников необходимо менеджеров поощрять.</p><p>Вместе с тем предоставлять самостоятельность сотрудникам имеет смысл только при наличии доверительных отношений между руководителем и подчиненными. Возможно, идея Онкена опередила свое время, тем не менее он предложил довольно авторитарное решение, сказав менеджерам: &ldquo;Верните проблему ее владельцу&rdquo;. На самом деле руководителям и подчиненным необходимо налаживать конструктивный партнерский диалог. Ведь если подчиненный не уверен в себе, он все равно не возьмет инициативу в свои руки и под тем или иным предлогом будет снова обращаться к начальнику за помощью.</p><p>К сожалению, Онкен не обсуждает один из аспектов проблемы делегирования, давно привлекающий мое внимание: многие менеджеры охотно забирают обезьян у подчиненных. Почти все руководители, с которыми я общался, признавали, что их подчиненные недозагружены работой, но даже самые успешные и уверенные в себе при этом говорили, что им очень трудно передавать инициативу подчиненным.</p><p>Полагаю, нежелание делиться полномочиями объясняется ощущением, сидящим внутри каждого из нас, что в этой жизни на всех отпущено ограниченное количество благ и наград. С детства многие привыкают самоидентифицироваться, сопоставляя свои достижения с чужими. Видя, как другие получают власть, деньги, информацию, славу, такой человек чувствует, что у него что-то отнимают (психолог Абрахам Маслоу назвал это &ldquo;чувством недостаточности&rdquo;). Онкен исходит из предположения, что у менеджеров есть полная свобода выбора в вопросе о том, стоит или не стоит брать у подчиненных их обезьян. Однако многие руководители подсознательно опасаются, что, передав полномочия подчиненным, будут выглядеть более слабыми и уязвимыми.</p><p>Каким же образом менеджеры развивают в себе ощущение силы и устойчивости, &ldquo;ментальность изобилия&rdquo;, которая помогает им уверенно контролировать ситуацию и положительно воспринимать продвижение других людей? Мой опыт показывает, что к делегированию полномочий склонны в первую очередь руководители, живущие в гармонии со своей системой ценностей, по-настоящему цельные натуры.</p><p>Невероятная популярность этой статьи в значительной мере обусловлена также присущим Онкену даром рассказчика. В 70-х я не раз слушал его лекции, и меня поражало его умение блистательно преподнести свои мысли. Ироничный стиль помог Онкену задеть менеджеров за живое, и им страстно захотелось вернуть себе контроль над своим временем. Кстати, обезьяна была для Билла не просто метафорой &ndash; она была талисманом: его узнавали издалека по плюшевой обезьянке, примостившейся у него на плече.</p><p>Неудивительно, что эта статья стала самым популярным материалом HBR за всю его историю. Сегодня, когда о делегировании полномочий, казалось бы, уже знают все, это блестящее исследование не менее актуально, чем тридцать лет назад. Концепция Онкена служит основой моей работы по оптимизации управления временем. Руководители до сих пор не могут выбраться из порочного круга, в который их загоняет необходимость заботиться о чужих мартышках из-за боязни передать подчиненным инициативу. В результате они так и не успевают уделить время гориллам &ndash; по-настоящему серьезным проблемам своей организации. Одним словом, статья Онкена до сих пор необходима всем, кто хочет быть хозяином своего времени.</p><p>Источник:&nbsp;<a href="http://hbr-russia.ru/lichnaya-effektivnost/upravlenie-vremenem/a10080/##ixzz3EKdGXOt7">http://hbr-russia.ru/lichnaya-effektivnost/upravlenie-vremenem/a10080/##ixzz3EKdGXOt7</a></p>	\N	556576acc6d52.jpg	\N	2015-05-27 10:47:56	2015-06-09 15:37:02
40	\N	25	Менеджмент по Суворову	<p>Прекрасная книга лишний раз подтверждающая, что все уже придумано до нас. Идеально подходит как для начинающих, так и для опытных руководителей.</p>	\N	556575e138baf.jpg	\N	2015-05-27 10:44:33	2015-06-09 15:48:40
38	\N	26	Мотивация	<h3>Смарт-версия от автора блога.</h3><p>&nbsp;</p><p>Любая мотивация &ndash; это самомотивация.</p><p>По данным Robert Half and Associates (рекрутинговая компания с опытом работы более 60 лет), среднестатистический человек вырабатывает только половину своих возможностей.</p><p>Цель бизнеса &ndash; достичь максимально высокой рентабельности собственного капитала, вложенного в компанию. А цель управления &ndash; получить максимально высокую энергоотдачу от сотрудников. Человеческий капитал представляет собой сумму психической, эмоциональной и физической энергий человека. Ваша работа как руководителя в том, чтобы максимизировать человеческий капитал и направить его на достижение наиболее ценных и важных для компании результатов.</p><p>Как в жизни, так и на работе действуют два основных демотиватора, которые необходимо устранить. Оба они рождаются еще в нашем детстве и остаются с нами навсегда. Их часто называют негативным опытом или условными реакциями на раздражители.</p><p>Первый из них &ndash; страх неудачи. Из-за уничижительной критики, когда-то услышанной, взрослые люди продолжают бояться совершить ошибку или не справиться с работой. Страх неудачи постоянно создает причины или оправдания для бездействия.</p><p>Второй &ndash; страх быть отвергнутым. Это препятствие зарождается в раннем детстве, когда родители лишь &laquo;условно любят&raquo; своих детей, то есть дают им любовь и поддержку, только если поведение или успехи ребенка соответствуют неким абстрактным&nbsp; высоким стандартам. Поэтому ребенок вырастает гиперчувствительным к мнению, комментариям или оценке других, особенно руководителя на работе.</p><p>Страх быть отвергнутым &ndash; та же боязнь критики, осуждения и порицания, боязнь совершить ошибку и быть за нее наказанным. Отличные руководители &ndash; те, кто безусловно принимает каждого сотрудника: это дает подчиненным возможность, общаясь с боссом или выполняя свою работу, чувствовать себя свободно и безопасно.</p><p>Только когда люди довольны собой, они мотивированы добиваться успеха. Ключевой фактор мотивации и максимальной производительности всего один &ndash; связь между руководителем и подчиненным. Эйнштейн сказал: &laquo;Ничего не произойдет, пока что-то не сдвинется с места&raquo;. Эффективные руководители в высшей степени ориентированы на действие. Получив хорошую идею, они, не откладывая, начинают внедрять и применять ее.</p><p><strong>&nbsp; &nbsp;1. &laquo;Фактор Икс&raquo;</strong></p><p>В середине 20 века консультанты по вопросам управления проводили исследования, сравнивая производительность автомобильных заводов Великобритании и ФРГ. Они обнаружили: показатели наиболее эффективных заводов Германии превысили показатели производительности британских в четыре раза. При этом условия на заводах были одинаковы.</p><p>Эта разница, которую невозможно объяснить материальными или техническими причинами, получила название &laquo;Фактор Икс&raquo;. Найдя подход к психологическим факторам, определяющим продуктивность и производительность, вы можете значительно улучшить свою управленческую эффективность и способность достигать результатов.</p><p>Психологический фактор действительно сводится к очень простому понятию &ndash; самооценке.</p><p>Самооценка &ndash; это структура убеждений или система ценностей личности. Она представляет собой совокупность всех эмоций, переживаний, решений, уроков и событий в жизни человека на текущий момент. Самооценка определяет, как человек думает о себе, что чувствует по отношению к себе и как видит себя по отношению к остальному миру.</p><p>Самооценка &ndash; как центр управления личности и эффективности. Именно она руководит работой, поведением или производительностью.</p><p><em>СИ: Учитесь позитивно относиться и к себе, и к другим, вырабатывайте у себя манеру общаться, свойственную человеку с нормальной самооценкой. Для этого нужно в первую очередь обрести чувство собственного достоинства. Однако надо помнить, что ваша самооценка не влияет на принятие управленческих решений в отношении вас другим человеком!</em></p><p>&nbsp;</p><p><strong>Самооценка состоит из трех компонентов:</strong></p><ol>  <li>Идеальное представление человека о себе &ndash; это обобщающая картина того, каким человек стремится быть в жизни. Она состоит из целей, мечтаний, надежд и идеалов, которые он несет в себе и которые сможет воплотить в будущем.В сфере труда на идеальное представление о себе влияют корпоративные ценности, ролевые модели, представленные руководителями компании, а также корпоративная культура окружающих сотрудников.</li>  <li>Собственный воображаемый образ &ndash; то, каким, по мнению человека, его видят окружающие. Люди, считающие себя симпатичными, уверенными в себе и компетентными, в работе обычно проявляют себя лучше тех, кто имеет о себе не очень хорошее мнение.</li>  <li>Чувство собственного достоинства &ndash; ядро самооценки. Его можно определить так: &laquo;насколько вы себе нравитесь&raquo;. Чем больше люди любят себя и уважают себя внутри, тем лучше работают вовне, ставя перед собой более серьезные цели и руководствуясь в работе более высокими стандартами качества.</li></ol><p>Чувство собственного достоинства &ndash; &laquo;активная зона реактор&raquo; личности, во многом определяющая уровень энергии, энтузиазма, жизненной силы и уверенности в себе.</p><p>Ключ к созданию компании с высокой производительностью &ndash; формирование условий для максимального проявления чувства собственного достоинства. Эти условия возникают благодаря устранению страхов неудачи и отвержения, препятствующих личной эффективности.</p><p>&nbsp;</p><p>Существует семь способов, с помощью которых руководитель может создавать и поддерживать положительную самооценку каждого сотрудника:</p><ol>  <li>Вызов. Давайте людям задания, требующие от них больших усилий. Чем сложнее задача, тем более вовлеченными они окажутся и тем лучше будут думать о себе.</li>  <li>Свобода. Дайте людям возможность работать без постоянного надзора.</li>  <li>Контроль. Установите регулярное время для рассмотрения и обсуждения работы.</li>  <li>Уважение. Спрашивайте у людей их мнение и внимательно выслушивайте их, даже если вы как руководитель им не воспользуетесь.</li>  <li>Доброе отношение.</li>  <li>Удачный опыт. Необходимо поручать такие задания, которые люди смогут успешно выполнить, исходя из своего опыта и умений.</li>  <li>Позитивные ожидания. Ничто так не повышает чувство собственного достоинства, как осознание того факта, что босс считает подчиненного компетентным, способным достойно выполнять свою работу.</li></ol><p><strong>&nbsp; &nbsp;2. Выбирайте подходящих людей</strong></p><p>В книге &laquo;От хорошего к великому&raquo; Джим Коллинз высказывает предположение: по сути, первая обязанность руководителя &ndash; &laquo;взять подходящих людей на борт, расставить подходящих людей на подходящие места на борту, а затем расстаться с неподходящими&raquo;.</p><p>Изначально, нанять подходящих людей &ndash; значит получить ключ к управленческому успеху. Определитесь со списком всех характеристик и качеств, которые хотели бы видеть в идеальном кандидате на определенную должность. Сначала сосредоточьтесь на конкретных, измеримых краткосрочных и долгосрочных результатах, которые должны быть им достигнуты. Второй фактор &ndash; это набор основных навыков, которыми должен обладать претендент. Удостоверьтесь, что на прошлом месте работы кандидат проявлял нужные вам навыки. Питер Друкер недаром сказал: &laquo;Только прошлые достижения &ndash; точное предсказание достижений в будущем&raquo;. Уделяйте столько же внимания их коммуникативности, личности и характеру, как и рабочим навыкам.</p><p>&nbsp;</p><p>С помощью &laquo;Правила Трех&raquo; вы усилите свою способность нанимать хороших работников. Чтобы правило работало, нужно сделать шесть шагов.</p><p>Первое: проводите собеседование на должность минимум с тремя кандидатами.</p><p>Второе: трижды проведите собеседование с понравившимся кандидатом. Помните, что на первом собеседовании кандидат будет выглядеть наилучшим образом.</p><p>Третье: проведите собеседование с понравившимся кандидатом в трех различных местах. Многим людям присуще то, что Трейси называет &laquo;комплекс хамелеона&raquo;.</p><p>Четвертое: устройте собеседование для понравившегося кандидата как минимум с тремя членами вашей команды.</p><p>Пятое: проверьте не менее трех предыдущих мест работы, указанных кандидатом.</p><p>Шестое: не будьте поверхностны, проверяя предыдущие места работы. Вы можете попросить человека, чьи контактные данные дал вам кандидат, назвать других людей, с которыми он работал, чтобы вы могли поговорить с ними тоже. Поговорив еще с тремя людьми, чьи имена не указаны в резюме кандидата, вы можете быть удивлены тем, что узнаете.</p><p><em>CИ:&nbsp;</em><em>От себя могу добавить, что точно не стоит выбирать одного из одного!&nbsp; Даже если перед вами остро стоит необходимость в сотруднике. Потом потратите значительно больше времени, если сделали неправильный выбор. Групповое собеседование &ndash; очень полезная штука, у нас в стране оно не особо принято, но его эффект очевиден.</em></p><p>Джон Свон, специалист в области подбора сотрудников, рекомендует формулу SWAN:</p><p>S (smart) &ndash; умный</p><p>W (work hard) &ndash; упорный труд</p><p>А (ambition) &ndash; амбиции</p><p>N (nice) &ndash; приятный</p><p>Леона Хелмсли в рекламе своей сети отелей сказала: &laquo;Мы не нанимаем людей, чтобы научить их быть приятными, мы сразу нанимаем приятных&raquo;.</p><p><strong>&nbsp; &nbsp;3. Полная загрузка на старте</strong></p><p>В исследовательском проекте, длившемся тридцать лет, аудиторская компания Deloitte Touche изучила тысячи своих сотрудников. Результаты исследований оказались интересными.</p><p>Во-первых, обнаружено, что самостоятельный выбор &ndash; чрезвычайно важный фактор в предсказании будущей производительности. Понятие &laquo;самостоятельный выбор&raquo; относится к работникам, которые предпочли кого-либо из нескольких работодателей. Другими словами, они решили для себя, что Deloitte &ndash; лучшая компания, где только можно работать, и были полны решимости осуществить свое решение.</p><p>Во-вторых, выяснилось, что руководители высокопродуктивных сотрудников с самого первого дня нагружали, даже перегружали их большим объемом работы.</p><p><em>СИ: При этом сделайте не только так, чтобы работа бросала вызов, но и так, чтобы она была интересной. Ничто не сделает сотрудников счастливее, чем загруженность интересной работой.</em></p><p>Самооценка сотрудника с точки зрения его эффективности и поведения на рабочем месте начинает формироваться в начале его взаимодействия с компанией. И, если первый опыт от работы неожиданно дает им понять, что у них полно ролей, целей и ответственностей, они быстро утверждаются во мнении: это место, где нужно работать от зари до зари.</p><p>С другой стороны, исследователи обнаружили: сотрудники, которым было предоставлено достаточно времени, чтобы познакомиться с коллегами, и имевшие возможность включаться в работу постепенно, даже десять лет спустя работали медленнее и с меньшей продуктивностью.</p><p>С первого дня вы должны предоставить новым сотрудникам возможность пройти практическое обучение, а также предоставить им поддержку. Новым сотрудникам присущ низкий уровень профессиональной готовности к выполнению задач: независимо от того, какой опыт они имеют, на новой работе он обнуляется.</p><p>&laquo;Работа в паре&raquo; &ndash; лучший способ убедиться, что сотрудники начали деятельность с чувством уверенности в себе и принадлежности команде.</p><p>&nbsp;СИ:&nbsp;<em>Действительно, с тех пор как я стал развивать институт наставничества, результаты адаптации новичков заметно улучшились. Находите время пообщаться с новыми сотрудниками, даже если испытываете дефицит времени. Остро необходимо передавать историю, традиции и основы культуры в компании.</em></p><p><strong>&nbsp; &nbsp;4. Дайте четкие указания</strong></p><p>Ключ к мотивации в том, чтобы люди были в восторге от самих себя. Они постоянно должны ощущать себя победителями. Все хотят чувствовать себя компетентными, успешными и уважаемыми. Одно из великих правил трудовой деятельности гласит: выполнение задания &ndash; это источник энергии, энтузиазма и высокой самооценки.</p><p>Когда вы даете неясные и запутанные указания или не даете их вообще, то лишаете подчиненных возможности испытать ощущение победы.</p><p>Чтобы пересечь финишную черту и почувствовать себя победителем на работе, человеку нужны:</p><ol>  <li>Четкие цели и задачи, обсужденные и согласованные.</li>  <li>Четкие единицы измерения и стандарты, чтобы человек знал, как будет измеряться и определяться успех.</li>  <li>Четкие промежуточные и конечные сроки.</li>  <li>Успешный опыт &ndash; то есть сотрудник должен действительно выполнить работу вовремя, в рамках бюджета и в соответствии с согласованными стандартами качества.</li>  <li>Признание и поощрение &ndash; работник должен получить подтверждение успешного выполнения задания со стороны начальника</li></ol><p>Когда работа не выполнена, выполнена плохо или не так, как вы ожидали, ваша естественная реакция &ndash; обвинить сотрудника в некомпетентности. Хотя на самом деле практически всегда это вина руководителя.</p><p>Выдавая задание, объясните человеку, что задание будет выполнено отлично, если оно будет сделано к определенному времени и результат будет соответствовать определенному уровню качества. После этого обязательно проверьте ожидаемый результат. Регулярные проверки с целью увидеть, как идут дела, &ndash; это способ постоянно подтверждать важность задания и важность выполняющего его сотрудника.</p><p>&nbsp;</p><p><strong>&nbsp; &nbsp;5. Применяйте коллективное управление</strong></p><p>Коллективное управление &ndash; мощный инструмент для создания вовлеченности, приверженности и ответственности за задание.</p><p>Сократ однажды сказал: &laquo;Мы узнаем о чем-то, только поговорив об этом&raquo;. Если вы хотите, чтобы люди были мотивированы на отличное выполнение работы, дайте им возможность систематически обсуждать текущую работу с руководителем. Людям чрезвычайно важно быть вовлеченными. Вы должны чувствовать: ваши сотрудники имеют право участвовать в определении работы, установлении стандартов и выборе способа выполнения.</p><p>Наиболее эффективные рабочие группы &ndash; те, в которых царит демократия, руководитель и подчиненные действуют как команда и каждый в полной мере участвует в работе.</p><p>&nbsp;</p><p><strong>Пять ключей для формирования высокоэффективной команды:</strong></p><ol>  <li>Общие цели и задачи</li>  <li>Общие ценности и руководящие принципы.</li>  <li>Общие планы действий.</li>  <li>Руководитель деятельности. Работа руководителя &ndash; устранять любые блоки или препятствия с пути членов команды, чтобы они смогли завершить работу вовремя.</li></ol><p><em>СИ: Здесь хочу остановится подробнее: на сегодняшний день требования к лидеру существенно изменились, теперь особенно востребован &laquo;капитан команды&raquo;, а не сторонний контролер. Если вы посмотрите на практику &laquo;Тойоты&raquo;, они это описывают так: &laquo;лидерство как служение&raquo;. Но есть и значительно более ранние упоминания о таких лидерах. Например, А.В. Суворов: его принципы управления описаны в книге Летуновского &laquo;Менеджмент по Суворову&raquo;. И это далеко не все примеры.</em></p><ol start="5">  <li>Регулярный обзор и обратная связь. В коллективном управлении руководитель выступает в качестве тренера или напарника в работе.</li></ol><p><em>СИ: Обязательно, чтобы каждый сотрудник, вовлеченный в коллективное управление, знал, что делают другие.</em></p><p>Ощущение себя &laquo;в теме&raquo; &ndash; один из мощнейших мотиваторов. В лучших компаниях говорят &laquo;я&raquo; и &laquo;мое&raquo;, когда люди описывают свою работу, и местоимения &laquo;мы&raquo; и &laquo;наше&raquo;, когда описывают деятельность всей компании.</p><p>Чем больше вы взаимодействуете с сотрудниками, обсуждая предстоящую работу и лучший способ ее выполнить, тем большую ответственность они чувствуют. В конечном счете они рассматривают работу как свое собственное дело.</p><p>&nbsp;</p><p><strong>&nbsp; &nbsp;6. Четыре фактора мотивации</strong></p><ol>  <li><em>Стиль руководства.</em>&nbsp;Этот фактор определяет, что люди думают о компании и насколько они мотивированы. Для штурмовой группы или пожарной команды уместный стиль руководства &ndash; прямой и диктаторский. Такой стиль также можно наблюдать в компаниях, борющихся за выживание. Однако в большинстве случаев традиционный стиль управления &laquo;сверху вниз&raquo; неприемлем для сегодняшнего поколения. Второй стиль &ndash; коллегиальный. При таком стиле управления людей уважают за знания, умения и способность выполнять работу.</li></ol><p>Также выделяют: разговор, продажа, убеждение и участие.</p><p><em>СИ: В моем понимании, сегодняшний руководитель должен обладать способностью владеть всеми стилями. К каждому сотруднику должен быть свой подход. Если вы сможете вовремя переключаться, то сможете претендовать на звание современного лидера. Только не забывайте подавать сигналы своим сотрудникам о том, что вы включили другой стиль. Это важно!</em></p><ol start="2">  <li><em>Система вознаграждений.</em>&nbsp;Майкл Лебеф в книге &laquo;Величайший в мире принцип менеджмента&raquo; говорит: &laquo;Выполняется то, что сулит вознаграждение&raquo;. Если вы хотите получить больший результат, просто создайте для такого поведения большее вознаграждение. Если вы хотите видеть меньший результат, просто снизьте вознаграждение или увеличьте наказание. Люди реагируют на стимулы.</li>  <li><em>Атмосфера в компании&nbsp;</em>намеренно создается и поддерживается руководством. Она в значительной мере определяется стилем общения между людьми, занимающими более и менее высокие должности.</li></ol><p>Когда Томас Уотсон-старший основал IBM, он изложил три основные ценности компании: превосходные продукты, высокий уровень обслуживания клиентов, а также уважение к личности. В IBM вы могли совершить любую ошибку, кроме одной: вы не могли проявить неуважение, унизить или оскорбить другого человека внутри компании или за ее пределами. Плохое отношение к людям, особенно к подчиненным, являлось основанием для увольнения независимо от того, как долго вы работаете в компании.</p><ol start="4">  <li><em>Структура работы.</em>&nbsp;Некоторые виды работ по своей сути &ndash; мотивационные, требующие творческого подхода, воображения и высоких затрат энергии. Работа, связанная с общением, ведением переговоров и взаимодействием с другими людьми в целях сотрудничества и быстрого и успешного выполнения задач выявляет лучшие качества сотрудников. Это интересно и сложно. И это обычно высоко вознаграждается.</li></ol><p>Тем не менее, огромный объем работы должен быть стандартизирован, введен в рутину и сделан относительно не интересным, чтобы его выполнение было эффективным и рентабельным.</p><p><em>СИ: Всегда был сторонником &laquo;здорового бюрократизма&raquo;. Никого не удивляет, что для того, чтобы построить дом или собрать автомобиль, нужны чертежи. При этом наличие регламентов или инструкций почему-то вызывает неодобрение и усмешку. Другое дело, что необходимо обдуманно подходить к их написанию.</em></p><p>&nbsp;</p><p><strong>&nbsp; &nbsp;7. Три &laquo;П&raquo;</strong></p><p><em>Поощрения</em>&nbsp;&ndash; основываются на производительности. Стаж, образование, политические связи &ndash; все это не заслуживает поощрения.</p><p><em>СИ: Для нас &ndash; россиян &ndash; это звучит непривычно, но это факт.</em></p><p>Существует единственный способ заставить структуру поощрений работать на процветание компании: поощрение должно быть напрямую связано с эффективностью работы сотрудника на благо всей компании.</p><p>Существует два типа поощрений: материальные и нематериальные.</p><p><em>Признание.</em>&nbsp;Руководители должны быть признательны своим сотрудникам, когда те хорошо выполняют свою работу. Всякий раз, когда человек делает нечто исключительное, лежащее за пределами должностных инструкций (или хотя бы делает достойную попытку), руководитель должен признать такую работу как наедине с сотрудником, так и публично. Правило гласит: все, что получает признание, происходит снова.</p><p><em>Поддержка.</em>&nbsp;Все усилия, признанные и поддержанные вами, будут предприняты снова и снова. Многие руководители уверены, что зарплата &ndash; достойное вознаграждение за хорошую работу. Но обычный человек думает по-другому. Всякий раз, когда сотрудники выходят за рамки своих обязанностей, выполняя задачу самым лучшим образом, они верят: за это они по праву получат призвание и поддержку.</p><p>Помните, что руководители и компании получат больше чего угодно, что поощряют. Это значит, что вы можете быстро сформировать и направить поведение и производительность своего персонала на основании того, что вы постоянно поощряете, признаете и поддерживаете.</p><p>&nbsp;</p><p><strong>&nbsp; &nbsp;8. Управление, основанное на ценностях</strong></p><p>Каждый человек живет изнутри наружу. Ядро вашего существования и ось, вокруг которой вращается вся ваша жизнь, состоит из внутренних убеждений и подсознательных ценностей. Именно эти ценности определяют характер и личность, то, что вы поддерживаете, а что нет.</p><p>Вы можете быть счастливы только тогда, когда внешние проявления жизни находятся в гармонии с внутренними ценностями. В лучших компаниях признаются: невозможно мотивировать людей, чьи ценности не совпадают с ценностями организации, на выполнение задания или работы.</p><p>Представьте себе, что ваша личность состоит из концентрических кругов, начиная с основных ценностей. Ваши ценности, в свою очередь, определяют второй круг &ndash; убеждения о самих себе и реальности. Иными словами, вы видите мир не таким, каков он есть, а таким, каковы вы сами. Третий уровень вашей личности &ndash; ваши ожидания.</p><p>Ваши ценности, убеждения и ожидания в свою очередь определяют ваше отношение и то, как вы воспринимаете мир. Если у вас правильные ценности, позитивные убеждения и уверенные ожидания, ваше отношение к себе и окружающему миру будет также оптимистичным. Пятый круг &ndash; это ваше поведение. Оно определяется комбинацией ваших ценностей, убеждений, ожиданий и отношений.</p><p>Люди чувствуют себя счастливее всего, когда работают в компании, поддерживающей и практикующей ценности, которые они считают самыми важными.</p><p><em>СИ: Главное &ndash; не просто озвучить ценности для своей компании, а собрать тот коллектив, который будет их действительно разделять.</em></p><p>Самой глубокой из всех человеческих потребностей, находящейся в центре личности, является необходимость в смысле и цели жизни и работы. Когда люди чувствуют, что то, что они делают, служит высшей цели, что качество их работы делает жизнь других людей лучше, они мотивированы проявлять себя наилучшим образом.</p><p>&nbsp;</p><p><strong>&nbsp; &nbsp;9. Практикуйте управление по целям</strong></p><p>Управление по целям &ndash; один из самых мощных и устойчивых мотиваторов в деловой сфере. Эту методику впервые описал Питер Друкер. Ее суть в том, что вы поручаете выполнение задачи одному компетентному сотруднику, а затем позволяете ему самому выбрать, как именно выполнить задачу в срок и не превышая бюджет.</p><ol>  <li>Четко определите, какие именно цели и задачи должны быть выполнены. Этот шаг требует, чтобы вы имели четкое представление о целях, но были гибки в отношении способа их достижения. Управление по целям требует совместного представления и всестороннего обсуждения для достижения между вами и сотрудником общего согласия о предстоящей работе.</li>  <li>Обсудите с сотрудником различные способы, определяющие достижение цели.</li>  <li>Установите четкие единицы измерения и ориентировочные показатели.</li>  <li>Договоритесь о регулярном отчете о ходе выполнения задачи и обратной связи о работе.</li></ol><p>Автономия и свобода &ndash; два мощных мотиватора в рабочей сфере. Люди хотят выделяться как отдельные личности, точно знать, какую ответственность они несут за выполнение важных заданий, и оцениваться за индивидуальное выполнение задания не так, как за работу в команде. В то же время люди хотят иметь полную свободу, чтобы выполнять работу так, как им больше нравится, придерживаясь собственного графика.</p><p>Свобода и ответственность также идут рука об руку. Чем больше свободы вы предоставляете людям для выполнения работы, тем больше обязанностей они должны быть готовы взять на себя.</p><p>СИ:&nbsp;<em>Именно здесь и кроется ответ на вопрос, почему сотрудники часто спрашивают ваше мнение. Они просто боятся свободы и даже готовы ей пожертвовать, ради того, чтобы не возникала ответственность.</em></p><p>Управление по целям &ndash; один из лучших способов дать подчиненным возможность обрести уверенность в собственных силах. Это также формирует самоуважение и повышает самооценку.</p><p>Главная слабость руководителей в том, что, получив повышение, они часто возвращаются к выполнению старых обязанностей. Надо сознательно отказываться от вмешательства в самостоятельное выполнение работы с полным чувством ответственности за всю задачу.</p><p>СИ:&nbsp;<em>Под полной ответственностью понимается, что в любом случае спрос будет с вас. Вы отвечаете за подбор, обучение и становление своих сотрудников, а не HR-подразделение. И если ваш сотрудник не справляется, садитесь с ним рядом и помогайте ему разбираться с задачей. Когда вам это надоест, это означает, что надо его менять.</em></p><p><strong>&nbsp; &nbsp;10. &nbsp;Используйте управление по отклонениям</strong></p><p>Ваша цель как руководителя &ndash; разблокировать 50% эффективности, запертых внутри сотрудников. Вы можете достичь этой цели, мотивируя людей работать на более высоких уровнях ответственности &ndash; потому что они хотят, а не потому, что должны. Вы никогда не сможете мотивировать извне. Вы можете только создать среду, стимулирующую другого человека быть более мотивированным, работать больше и лучше.</p><p>Управление по отклонениям используется, когда вы четко определяете задание и полностью передаете его другому человеку. Ваш сотрудник сообщает вам только об отклонениях от плана.</p><p>Используя управление по отклонениям, вы можете периодически проверять работу, чтобы посмотреть, как идут дела. Но, как и в случае управления по целям, вы должны удерживаться от соблазна вмешиваться в процесс.</p><p>Отличный руководитель тот, кто постоянно создает условия, при которых сотрудники могут чувствовать: они выполнили работу самостоятельно, с минимумом инструкций, указаний и надзора. Конфуций однажды сказал, что отличие превосходного лидера в том, что когда работа выполнена, люди говорят: &laquo;Мы сделали это сами&raquo;.</p><p>Чтобы люди работали с максимальной эффективностью, необходимо удовлетворить их две основные потребности. Первая называется &laquo;потребность в независимости&raquo; &ndash; человеку необходимо, чтобы его воспринимали и уважали как личность и выделяли задания для его личного исполнения. Вторая потребность &ndash; это потребность в принадлежности. Люди хотят знать: они часть чего-то большего, чем они сами, они часть команды.</p><p>Хорошие компании и руководители создают среду, в которой, с одной стороны, люди чувствуют себя независимыми и важными, а с другой &ndash; имеют потребность в зависимости.</p><p>&nbsp;</p><p><strong>&nbsp; &nbsp;11. Применяйте принцип Парето</strong></p><p>СИ:&nbsp;<em>Трейси возвращается к уже изложенному в &laquo;Выйди из зоны комфорта&raquo; принципу: 20% дел дают 80% ценности всего сделанного. Надо всегда об этом помнить и учить этому других.</em></p><p>&nbsp;</p><p><strong>&nbsp; &nbsp;12. Будьте учителем</strong></p><p>Из всех активов в компании только ценность людей может увеличиваться. Остальные активы и ресурсы со временем обесцениваются. Одна из ваших главнейших задач в качестве руководителей &ndash; научить и подготовить людей, работающих на вас, как именно выполнять работу и делать ее наилучшим способом.</p><p>Никогда не будьте уверены, что ваши сотрудники знают, как выполнять сложные или многокомпонентные задания. В первую очередь потому, что если бы они знали, то не работали бы на вас.</p><p>Найдите время, чтобы проинструктировать, ответить на вопросы и дать свои комментарии. Обучая других выполнять задания, уже освоенные вами, вы освобождаете себя от необходимости делать их лично.</p><p>&nbsp;</p><p><strong>&nbsp; &nbsp;13. Обучайте и тренируйте непрерывно</strong></p><p>Эрл Найтингел однажды написал: &laquo;Счастье &ndash; это постепенное движение к достойной цели или идеалу&raquo;. Постоянно осваивая новые навыки в новых сферах и постоянно повышая свои знания и умения, сотрудники открывают для себя пути личностного и профессионального роста в будущем.</p><p>Некоторые руководители не уверены, что им стоит обучать сотрудников: &laquo;А что если мы их научим, а они уйдут?&raquo; Это неправильный вопрос. Правильный вопрос: &laquo;А что если мы их не научим, а они останутся?&raquo;</p><p>Один из руководителей говорит: &laquo;Наше конкурентное преимущество &ndash; это способность учиться и применять новые идеи быстрее, чем наши конкуренты&raquo;.</p><p>Так же, как спортивные команды высшего ранга имеют строгую и непрерывную программу тренировок, то же самое должны делать и компании высшего уровня. Правило гласит, что ваша жизнь становится лучше только тогда, когда вы становитесь лучше. Подобным же образом персонал становится лучше, если становится лучше их руководитель. Компания становится лучше, когда становятся лучше ее сотрудники. Пэт Райли, баскетбольный тренер, писал: &laquo;Если вы не становитесь лучше, вы становитесь хуже&raquo;.</p><p>Непрерывное обучение и развитие &ndash; не выбор. Это обязательная деятельность, необходимая, чтобы выжить на рынке сегодня.</p><p>&nbsp;</p><p><strong>&nbsp; &nbsp;14. Настаивайте на принципе бездефектности</strong></p><p>Победа в деловой сфере в значительной степени означает выполнение работы наивысшего качества и признания за эту работу.</p><p>Филипп Кросби в книге &laquo;Качество бесплатно&raquo; дает такое определение качеству: &laquo;качество означает, что продукт или услуга, которые вы продаете, неизменно предоставляют покупателю именно то, что вы обещаете в момент покупки. Ваша оценка качества определяется временем, в течение которого ваш продукт продолжает выполнять обещанные функции&raquo;.</p><p>Самая высокая оценка качества называется &laquo;ноль дефектов&raquo;. Это означает, что ваш продукт или услуга всегда делают то, что, по вашим обещаниям клиенту в момент их продажи, они должны делать. Подобным же образом люди могут получить оценку личного качества.</p><p>С помощью принципа бездефектности вы призываете всех сконцентрироваться на качественном выполнении работы и производстве качественных продуктов и услуг.</p><p>Внедряя концепцию бездефектности, вы устанавливаете стандарт стопроцентного качества. Это означает отсутствие ошибок и дефектов.</p><p>Кроме высокой требовательности к качеству работы каждого сотрудника вы должны самостоятельно показывать пример качественной работы. Делая отличную работу, с очевидностью показывающую, что вы &laquo;совершили все возможное&raquo;, вы устанавливаете стандарт для каждого, кто работает с вами.</p><p>Для вас важно объяснить сотрудникам, что выживание и успех бизнеса зависят от качества работы. Даже в таких мелких делах, как написание письма, сообщения или рекламного текста, мелочи имеют большое значение. Настаивая на том, чтобы каждая часть переписки или переговоров от представителя компании была безупречной, тщательно проверенной и отредактированной, без ошибок, вы устанавливаете стандарт высшего качества, распространяющийся по всей компании.</p><p>Точность, аккуратность и совершенство необходимы во всем.</p><p>Если кто-то из ваших сотрудников делает что-то наивысшего качества, уделите этому особое внимание. Помните, вы получите больше чего угодно, что вы признали, поощрили и поддержали.</p><p>&nbsp;</p><p><strong>&nbsp; &nbsp;15. Организуйте кружки контроля качества и группы обеспечения качества</strong></p><p>Все работы выполняются командами. Успех руководителя &ndash; это успех команды.</p><p>Кружки контроля качества &ndash; японский метод управления, разработанный в 1960-1970-х годах Эдвардсом Демингом, превратившим Японию в признанного мирового лидера по качеству продукции.</p><p>СИ:&nbsp;<em>Это еще один аргумент в пользу прочтения &laquo;Дао Тойота&raquo; Джефри Лайкера.</em></p><p>Организовывая людей в кружки качества и группы по контролю качества, вы поощряете и мотивируете их брать на себя больше ответственности за улучшение качества всего, чем они занимаются. Однако они работают только тогда, когда получают искреннюю поддержку со стороны руководства. Их нельзя использовать как трюк или инструмент для мотивации людей, пока руководство не поможет полностью уяснить, что каждая инициатива, направленная на поддержку качества, является чрезвычайно важной деятельностью для компании, для уровня продаж и для ее рентабельности в будущем.</p><p>Группы и кружки организуются руководством, но состоят исключительно из сотрудников. Сконцентрированные на постоянном улучшении, они создают постоянное давление, направленное на высшую производительность. Мотивируют и высвобождают потенциал сотрудников, вовлеченных в процесс. В лучших компаниях каждый сотрудник любого уровня состоит в какой-то группе обеспечения качества.</p><p>Вспомним &laquo;Фактор Икс&raquo;. Представление сотрудников о себе в значительной степени зависит от того, как о них заботятся их непосредственные руководители и руководство компании. Если лидеры компании уважают подчиненных, они будут лучше думать о себе и, как результат, лучше работать. Участие в таких группах и кружках &ndash; реальный показатель того, что организация ценит их вклад.</p><p>Группы обеспечения качества также являются эффективными мотиваторами, потому что удовлетворяют потребности человека &ndash; в самостоятельности и принадлежности. Группы обеспечения качества основаны на самоуправлении, позволяющем сотрудникам встречаться друг с другом и разрабатывать новые идеи и инициативы для улучшения качества продукции и услуг, предоставляемых компанией. Члены групп и кружков наслаждаются свободой, так как в состав входят только члены персонала, и мотивированностью участников.</p><p>СИ:&nbsp;<em>Для России этот подход нетрадиционен и непривычен. Безусловно, это не означает, что его не надо применять. Однако мой опыт показывает, что без обозначенного лидера такие группы долго раскачиваются. Наш менталитет более привержен к палке, и к свободе относится с опаской. Беря на вооружение этот метод, я бы рекомендовал либо определять лидера такой группы в самом начале, либо одному из руководителей становиться наставником для этой группы. Но именно наставником, то есть человеком модерирующим, но не генерирующим и не принимающим решения.</em></p><p><strong>&nbsp; &nbsp;16. Регулярно проводите мозговые штурмы</strong></p><p>Мозговой штурм &ndash; один из самых быстрых способов высвободить творческое мышление и создать мотивацию.</p><p><em>СИ: При этом не важно, какую должность занимает участник такого мероприятия. У Трейси есть впечатляющий пример, но я не буду его здесь приводить. Может быть, это побудит вас к прочтению полной версии.</em></p><p>Вы никогда не должны недооценивать творческий потенциал ваших сотрудников. Иногда у одного человека, чей потенциал вы раскроете, может возникнуть идея или представление, способные изменить направление всего бизнеса.</p><p><strong>Семь составляющих процесса мозгового штурма</strong></p><ol>  <li>Выберите оптимальный размер группы. Идеальный размер 4-7 человек.</li>  <li>Выберите лидера и регистратора.</li>  <li>Установите конкретный срок для сессии мозгового штурма. Рекомендуется давать на обсуждение 15-25 минут. Вовремя начинайте и заканчивайте сессию. Когда люди ограничены во времени, они обычно гораздо быстрее сосредотачиваются и предлагают более удачные идеи и в большем количестве.</li>  <li>Сформулируйте конкретную проблему или вопрос, требующий практического ответа. Вопрос &laquo;Как мы можем ускорить обратную связь с клиентами?&raquo; сформулирован намного удачнее, чем вопрос &laquo;Как мы можем сделать клиентов счастливее?&raquo;.</li>  <li>Сосредоточьтесь на количестве идей, а не на их качестве.</li>  <li>Не допускайте критики.</li>  <li>Соберите все сгенерированные идеи и отложите их в сторону. Этот шаг гарантирует, что в оценку идей не будет вмешиваться ваше эго и желание, чтобы ваши идеи победили.</li></ol><p>После того как каждая группа придумает от пятидесяти до восьмидесяти идей в ответ на конкретный вопрос, прекратите упражнение и сделайте перерыв. После перерыва попросите каждого регистратора передать перечень идей своей группы лидеру соседней группы. Затем лидер проводит упражнение для обсуждения и оценки качества каждой из идей, предложенной другой группой.</p><p>В конце сессии каждая группа представляет лучшие идеи, определенные по общему согласию, всем участникам сессии.</p><p>Систематическое проведение мозговых штурмов является основной обязанностью руководителя. Если вы сейчас не делаете этого, вы пренебрегаете мощным инструментом управления и напрасно тратите нераскрытый умственный потенциал самых ценных ресурсов компании.</p><p>&nbsp;</p><p><strong>&nbsp; &nbsp;17. Станьте наставником</strong></p><p>Никто не добивается успеха в одиночку. Сегодня человек успешен благодаря идеям, участию, мудрости и руководству людей, которых он повстречал на протяжении своей карьеры. Иногда наставничество происходит напрямую &ndash; встречи с глазу на глаз. Иногда косвенно, во время работы со старшими, обладающими мудростью и опытом.</p><p>Для вас одним из самых мощных мотивационных факторов в сфере труда является искренняя заинтересованность в карьерном росте ваших подчиненных. Из-за занятости у вас, вероятно, не хватает времени, чтобы вести долгие разговоры с младшими сотрудниками. Вместо этого вы можете быть наставником, используя короткие встречи: нужно всего несколько минут, чтобы дать небольшой совет и направить сотрудника в нужное русло.</p><p>Человек, имеющий наставника, ощутит себя более важным и ценным, и будет более преданным и приверженным работе в компании. Внимание к младшему сотруднику со стороны руководителя &ndash; важный мотиватор личностного роста и производительности.</p><p>Научите подопечного приходить к вам с заранее подготовленным перечнем вопросов в письменном виде. Определите время начала и завершения встречи. Не опаздывайте на встречи и заканчивайте их в оговоренное время. Закон Паркинсона гласит: &laquo;Работа заполняет время, отведенное на нее&raquo;. Если вы выделите десять или пятнадцать минут для наставнической сессии, и ваш подопечный осознает это, вы будете приятно удивлены тем, как быстро пройдетесь по всем вопросам из перечня за короткий промежуток времени.</p><p><em>&nbsp;СИ:&nbsp;</em><em>Это правило подходит и для обычного делового разговора. Мы же уже запомнили, что надо решать главные вопросы, остальное может подождать.</em></p><p>&nbsp;</p><p><strong>&nbsp; &nbsp;18. Подавайте личный пример</strong></p><p>Это помогает подчиненным сформировать идеальное представление о том, какой человек вызывает уважение и восхищение.</p><p>Личный пример &ndash; абсолютное требование в управлении, необходимое условие лидерства.</p><p>Все постоянно наблюдают за руководителем, украдкой следят за вами. Чтобы вы ни сказали, все быстро передается остальным. И все знают обо всем.</p><p>Всякий раз, когда у вас возникает проблема или кризисная ситуация, помните, что вы находитесь в центре внимания. Ваша работа в том, чтобы не допустить негативной реакции или проявления любого вида паники в сложных ситуациях, а, наоборот, реагировать спокойно и эффективно, следя за тем, чтобы все сосредоточились на решении проблемы и хорошо делали свою работу.</p><p>Если вы как лидер хотите, чтобы подчиненные были эффективными, продуктивными и пунктуальными, вы должны быть эффективным, продуктивным и пунктуальным. Правильно распоряжайтесь своим временем. Установите четкие приоритеты, работайте над наиболее важными задачами и демонстрируйте всем усердие и трудолюбие в работе.</p><p>Кроме того, как руководитель вы должны быть мужественным и решительным. Будьте готовы занять принципиальные позиции, постоять за ваших сотрудников и принимать твердые решения. А также будьте в состоянии объяснить причины любых ваших действий. Не забывайте: каждый день, в любой ситуации ваши сотрудники наблюдают за вами и формируют свое собственное поведение, основываясь на том, как поступаете вы.</p><p>&nbsp;</p><p><strong>&nbsp; &nbsp;19. Слушайте свой персонал</strong></p><p>Лидеры &ndash; это слушатели. Лучшие лидеры слушают вдвое больше, чем говорят. Они задают большое количество вопросов и дают возможность регулярно, честно и открыто высказать свое мнение.</p><p>Умение слушать называют &laquo;белой магией&raquo;, потому что оно имеет почти волшебное воздействие на людей, благодаря чему они чувствуют себя потрясающе.</p><p>&nbsp;</p><p><strong>Четыре ключа к эффективному слушанию:</strong></p><ol>  <li>Слушайте внимательно. Говорят, что &laquo;пристальное внимание &ndash; высшая форма лести&raquo;. Отложите в сторону все отвлекающие предметы. И прежде всего не прерывайте и даже не пытайтесь прервать.</li></ol><p>СИ:&nbsp;<em>Если вы серьезно отнеслись к этому вопросу, то возьмите книгу К.К. Гоман &laquo;Язык тела для лидеров&raquo; и откройте для себя удивительный мир невербального общения.</em></p><ol start="2">  <li>Сделайте паузу, прежде чем ответить.</li>  <li>Уточняющие вопросы. Никогда не будьте уверены, что люди действительно имеют в виду то, что говорят. Вместо этого просто спросите: &laquo;Что вы хотите этим сказать?&raquo; Это самый мощный вопрос для управления разговором. Помните, что человек, задающий вопросы, управляет ситуацией.</li>  <li>Перефразируйте сказанное собеседником, изложив суть своими словами. Это лакмусовая бумажка слушателя. Таким образом вы показываете, что вы действительно внимательно слушаете, что говорит другой человек, а не просто вежливо улыбаетесь, думая о своем.</li></ol><p>Умение слушать создает доверие.&nbsp; Доверие между людьми &ndash; основа максимальной производительности. Вопросы &ndash; ключ к лидерству и хорошим взаимоотношениям с людьми. Слушать &ndash; значит обладать огромной дисциплиной, особенно если вы умеете слушать не прерывая. Руководитель, сотрудники которого могут говорить открыто и смело, будучи уверенными, что он сосредоточит все свое внимание, чтобы понять их, показывает подчиненным, что заботится о них и считает их важными.</p><p><strong>&nbsp; &nbsp;20. Помните о факторе дружбы</strong></p><p>Когда сотрудников попросили описать характеры лучших руководителей, которые у них когда-либо были, практически всегда звучал ответ: &laquo;Я постоянно чувствую, что босс заботится обо мне как о личности, а не просто как о члене коллектива&raquo;.</p><p>Качество взаимодействия между работодателем и работником жизненно важно, поскольку определяет мотивацию и производительность в любой компании. Наличие или отсутствие фактора дружбы обусловит желание сотрудников помогать другим и действовать в коллективе, когда им надо будет работать на вас, с вами и с другими членами команды.</p><p>В более широком смысле можно с уверенностью сказать, что успех в бизнесе пропорционален числу и качеству дружеских связей, установленных на протяжении вашей карьеры. Это не просто количество людей, вам знакомых, &ndash; это количество людей, знающих вас с положительной стороны. Чем больше людей знают вас и симпатизируют вам, тем охотнее они помогут вам в вашей жизни и работе.</p><p>Фактор дружбы основывается на внимании, заботе и вежливости. Относитесь к другим людям так, как бы вы хотели, чтобы ваши руководители относились к вам. Заботьтесь о подчиненных так, будто они партнеры или клиенты, &ndash; как к важным и ценным составляющим предприятия.</p><p>Когда Джек Уэлч был CEO General Electric, он призвал всех руководителей относиться к сотрудникам так, будто они станут их руководителями в следующем году.</p><p>СИ:&nbsp;<em>Моя практика, в которой были ситуации, когда я оказывался подчиненным своего бывшего сотрудника, только лишний раз подтверждает вышеописанное. Единственное, что я бы хотел добавить &ndash; это то, что надо относиться к сотруднику не &laquo;как будто&raquo; к партнеру, а именно как к партнеру. Любое притворство не идет на пользу установлению взаимоотношений. Да, безусловно, в ряде случаев окончательное решение останется за мной. Но во всех других мои партнеры, которых сотни, значительно превосходят мои компетенции. Ведь именно для этого мы и заключили партнерское соглашение, договорившись работать вместе. Поэтому, с моей точки зрения, автор в этой главе говорит о дружбе, понимая партнерские отношения.</em></p><p><strong>&nbsp; &nbsp;21. Сотворите мотивационное чудо</strong></p><p>Существует семь принципов поведения, которые вы можете практиковать каждый день, тем самым мотивируя своих людей работать наилучшим образом, раскрывая в них 50 процентов неиспользованного потенциала.</p><ol>  <li>Улыбайтесь.</li>  <li>Задавайте людям вопросы.</li>  <li>Слушайте их.</li>  <li>Будьте вежливы.</li>  <li>Говорите &laquo;спасибо&raquo;.</li>  <li>Держите людей в курсе дел.</li>  <li>Поощряйте непрерывное совершенствование.</li></ol>	\N	55657548822a4.jpg	\N	2015-05-27 10:42:00	2015-06-10 12:05:35
35	\N	28	7 навыков высокоэффективных людей	<p>1. Будьте проактивны</p><p>2. Начинайте, представляя конечную цель</p><p>3. Сначала сделайте то, что необходимо сделать сначала</p><p>4. Думайте в духе &laquo;выиграл/выиграл&raquo;</p><p>5. Сначала стремитесь понять, потом быть понятым</p><p>6. Достигайте синергии</p><p>7. &laquo;Затачивайте пилу&raquo; (поддерживайте ваши личные ресурсы)</p>	\N	5565744714585.jpg	\N	2015-05-27 10:36:48	2015-06-10 12:20:20
39	\N	29	Мотивация в стиле экшн. Восторг заразителен	<p>Чем хорош Кобьёлл? В первую очередь, тем, что он практик. Его собственный отель стал 12 по счету предприятием, в создании которого он принимал непосредственное участие. Его собственный бизнес процветает с начала 90-х. Его отель Sсhindlerhof уже более двух десятилетий имеет среднюю заполняемость по году свыше 75%. Насколько мне известно, такой результат &ndash; недостижимая мечта многих отельеров. Он мало внимания уделял академическому образованию, но его лекции занимают и будут еще долгое время занимать свое почетное место в библиотеках тех людей, которым не безразличен результат. Я читал его в разных изданиях, но язык везде одинаково хорош, из чего я и сделал вывод, что это заслуга автора, а не переводчиков и редакторов.</p><p>Итак, собственно о книге. &laquo;Я имел счастье начинать с нуля и избежал такой нагрузки, как получение наследства&raquo;.</p><p>Любопытный факт Клаус приводит во второй главе с говорящим названием &laquo;Ваш продукт менее важен, чем вы думаете&raquo;. General Motors провела опрос своих покупателей на предмет, почему люди покупают автомобили и почему привержены этой марке. На первом месте в перечне факторов, вызывающих благосклонность покупателя, была названа телефонистка, на втором &ndash; руководитель отдела клиентского сервиса, а на третьем &ndash; бухгалтерия. О самом продукте не было сказано ни слова.</p><p>Руководители маркетинговых служб, конечно, будут читать эту книгу со слезами ненависти и горечи одновременно! Потому что следующая история про двух человек в ресторане тоже не льет воду на мельницу маркетинга. Перед ними стоит официант, которому они говорят: &laquo;Собственно, есть мы не хотим, но нам у вас так приятно, что даже за это наверняка можно заплатить!&raquo;</p><p>Автор утверждает, что таким образом дела обстоят практически в любой отрасли. Речь идет только о ценных впечатлениях, об удовольствии, а вовсе не о том, чтобы удовлетворять какие-то потребности, как это было раньше. И, естественно, это требует уже совсем другого маркетинга.</p><p>А вот следующая глава должна заставить зарыдать и задуматься уже всех российских первых лиц, потому что господин Кобьёлл предлагает самим ограничить собственное вмешательство в работу всех подразделений. А для русского коммерсанта или государственного деятеля это уже крамола. А как же выехать вперед на белом коне, да еще и, желательно, с почетным эскортом? Даже его непонятная производительность (продуктивность) на одного сотрудника 173000 Dm за 1991, что превышало в 2 раза средний показатель по отрасли, не может быть для нас достойным утешением. И уже в следующей мини-главе, рекомендуя переносить основную тяжесть (упор) с действия на воздействие, автор приводит замечательное определение, которое он нашел для немецких гастрономов &laquo;&hellip;прилежен как пчела, силен как бык, работает как лошадь и каждый вечер устает как собака&raquo;. Никого не напоминает? Кобьёлл таким советует найти ветеринара, поскольку, возможно, он просто верблюд.</p><p>Мне эта книга попала в руки, к моему великому удовольствию, лет пять назад. Теперь я с уверенностью могу сказать, что наконец-то мне ветеринар не нужен!</p><p>Для создания самостоятельно действующего коллектива достаточно как можно меньше вмешиваться в работающее &laquo;колесо&raquo; и ликвидировать все секреты.</p><p>Юмор Кобьёлла особенный, местами его можно принять за сатиру, но даже когда узнаешь себя в описаниях забавных персонажей, то трудно удержаться от смеха!</p><p>Чего стоит глава &laquo;Менеджмент над шампиньонами&raquo;, суть названия &ndash; держать сотрудников в темноте (неведении), а затем, когда они вырастут, &laquo;срезать&raquo;. В качестве пояснений приводится цитата из Яна Карлзона, который говорил: &laquo;Сотрудник, который не имеет всей необходимой информации, не может взять на себя ответственность, а сотруднику, обладающему всей необходимой информацией, не остается ничего другого, как нести полную ответственность&raquo;. Самое печальное, что, действительно, многие из нас даже гордятся таким талантом: в нужный момент подойти и отругать. А затем, боясь подрастающих сил, их срезают.</p><p>&laquo;Менеджмент по принципу вертолета&raquo; &ndash; следующая модель, подвергаемая критике. Основная черта &ndash; внезапное появление руководителя, когда его никто не ждет. Цитата о том, что &laquo;они руководят детским садом, а не предприятием&raquo; &ndash; самая легкая.</p><p>И вот с размассированными мозгами читатель готов внимать, как надо действовать. С удовольствием! Вот ключ или основа в изложении автора. И это сущая правда! Дальше приведу абзац, надеюсь, автор, если увидит, не сильно расстроится из-за нарушения авторских прав, в любом случае это лучше, чем неточный пересказ:</p><p>&laquo;Мировое первенство основывается только на сильных качествах. Если я буду ограничиваться в своей работе только тем, что доставляет мне удовольствие, то единственный рецепт будет состоять исключительно в следующем: составить мою команду таким образом, чтобы сильные стороны этой команды проявлялись там, где я очень слаб. В результате я смогу жить с моими слабостями, и все в моей команде тоже будут делать то, что доставляет им удовольствие. Немного внимания при приеме на работу нового сотрудника, и тогда это сработает на 99 %. А когда сотрудники занимаются тем, что они делают с удовольствием, тогда автоматически через малое количество времени они станут делать это очень хорошо&raquo;.</p><p>Аналогичный посыл вы, безусловно, найдете и у Адизеса, и у Шея, и у многих других. Но настолько кратко и емко я точно увидел у Кобьёлла, что и заставило меня начать эту &laquo;Оду Кобьёллу&raquo;!</p><p>С точки зрения автора, ключевое слово для руководителя &ndash; видение. Надо все время помнить, что книга написана в 1993 году, но насколько она актуальна и сегодня. Это расходится с мнением Классического стратегического менеджмента, когда главное &ndash; это цели, и в зависимости от них выбираются пути и шаги для их достижения. В версии автора, вторая по значению форма энергии (первую &ndash; фанатизм, не рассматриваем) &ndash; миссия &ndash; не менее опасная и невероятно сильная. Тут же он оговаривается: &laquo;&hellip;миссия не подходит для такой банальности, как управление отелем, автомобильным салоном или мебельным магазином. Это бы напоминало пальбу из пушек по воробьям&raquo;.</p><p>&laquo;Третья форма энергии &ndash; это видение. Должна существовать идеология всего предприятия, чтобы увлечь молодежь этой профессией, как большим спортом&raquo;. По мнению автора, только так можно перейти в высшую лигу, если воспользоваться аналогией с футболом.</p><p>Для формирования видения господин Кобьёлл предлагает написать свою собственную надгробную речь. Что бы вы хотели, чтобы люди рассказали о вас у вашего гроба? Из ответов, возможно, станут понятны ваши цели в жизни, а из них, соответственно, и ваше видение. &laquo;Чтобы вы не прозевали эту жизнь, вам надо сначала уяснить, где вы вообще хотите оказаться&raquo;.</p><p>Автор предостерегает, что, может быть, опасно управлять с помощью видения, когда видение не имеет смысла. Здесь автор также приводит замечательный пример с традиционным купанием дядюшки Скруджа в бассейне с долларами. Сомнительно, что таким видением вы сможете мотивировать других людей. Видение Кобьёлла очень просто и понятно: радость, свобода и гармония.</p><p>&laquo;Радость вам может принести развлечение, желание и удовольствие. Свободу вы можете ощутить, прежде всего, через дружелюбное отношение к ошибкам, самостоятельность &ndash; широкое &laquo;игровое поле&raquo;, на котором вы не должны никого спрашивать. Дружелюбное отношение к ошибкам &ndash; очень важно и, конечно же, должно быть, но его нельзя путать с другим понятием: изобилие ошибок. Гармония &ndash; это прежде всего, дружба, хотя без единой ссоры не бывает стопроцентных коопераций.</p><p>Вот и вся философия. А задача команды руководителей заключается в том, чтобы передать это кредо. Это вероисповедание всему коллективу с тем, чтобы видение было предельно ясно, действительно, каждому &ndash; и ученику, и горничной, работающей на полставки&raquo;.</p><p>Далее автор приводит цитату из &laquo;Маленького принца&raquo; Сент-Экзюпери. На самом деле, это цитата из другого произведения данного автора &ndash; &laquo;Цитадель&raquo;: &laquo;Скажу больше: если я воодушевлю мой народ любовью к морским странствиям, если их отягощенные любовью сердца подтолкнут их всех к единому руслу, ты увидишь, как по-разному каждый из них будет действовать в зависимости от склада своей натуры. Один будет ткать паруса, другой блестящим топором валить сосны. Один ковать гвозди, другой наблюдать за звездами, чтобы научиться управлять кораблем. И все-таки они будут единым целым. Корабль строится не потому, что ты научил их шить паруса, ковать гвозди, читать по звездам; корабль строится тогда, когда ты пробудил в них страсть к морю и все противоречия тонут в свете общей для всех любви&raquo;.</p><p>Автор обращает особое внимание, что сначала надо найти видение, не обращая внимания на время, затем определить долгосрочные, среднесрочные и краткосрочные цели предприятия и только потом говорить о концепциях. &laquo;Видение должно парить надо всем&raquo;.</p><p>&laquo;Хорошее видение должно иметь два измерения: измерение смысла и измерение вызова. Речь идет о ясных целях &ndash; земных, временных и поэтому достижимых вещей. Если у предприятия только одна цель &ndash; заработать как можно больше денег и выплатить какому-то инвестору хорошие проценты &ndash; этой идеей вы ни одного сотрудника не воодушевите. Оптимальное видение &ndash; это нечто среднее между утопией и реальностью, точнее тем, что хотелось бы и что можно осуществить&raquo;.</p><p>У Кобьёлла я впервые столкнулся с непринятием термина &laquo;персонал&raquo;. Для него есть только коллеги-предприниматели (так как я много отработал в госучреждениях, то в основном пользуюсь просто &laquo;коллега&raquo;, хотя фонетически это слово мне тоже не очень нравится).</p><p>Здесь автор приводит известные цитаты из Тома Питерса: &laquo;Каждое руководство имеет тот коллектив, который оно заслуживает&raquo;.</p><p>&laquo;Если мы как руководство верим, что наши сотрудники на 75 процентов &ndash; люди, которые воруют, ленивы, плохо квалифицированы и глупы, тогда у нас и будут именно такие работники составлять большинство&raquo;.</p><p>И наоборот: &laquo;Если мы уверены, что 98 процентов нашего коллектива делают потрясающие успехи, всегда с радостью готовы приступить к работе и положительно относятся к предприятию, тогда и дело в полном порядке&raquo;.</p><p>Это действительно так: мы программируем себя сами.</p><p>Далее вопрос пойдет о потребностях сотрудников. Успех любого предприятия зависит только от ваших сотрудников, и основная задача руководителя &ndash; определить, от чего сотрудники могут получить удовольствие. Список &laquo;хитов&raquo; от Кобьёлла выглядит так:</p><ol>  <li>Признание хорошо выполненной работы;</li>  <li>Точное знание продукции и целей фирмы. Сотрудники хотят знать, что заставляет компанию двигаться?</li>  <li>Отношение к личным проблемам. В противовес старой мудрой пословице &laquo;Служба службой, а выпивка выпивкой&raquo;;</li>  <li>Стабильное рабочее место. Под ним подразумевается гласность и регулярные и честные оценки. Здесь нужно остановиться поподробнее. &laquo;Если оценка честная и сказана без эмоциональной окраски, т.е. оценивает не человека, а его действия, то она и не ранит. Неоправданное послабление вплоть до лицемерия не бывает долгим. В долгосрочной перспективе при самом лучшем актерском таланте оно действует как бумеранг&raquo;.</li></ol><p>И только теперь &ndash;</p><ol start="5">  <li>Хорошая зарплата. В изложении автора &ndash; &laquo;это гигиенический фактор, наподобие геля после бритья или ночного крема&raquo;.</li></ol><p>Сотрудники Клауса сами определяют размер своей зарплаты (об этом варианте также можно прочитать у Рикардо Семлера в книге &laquo;Маверик&raquo;).</p><p>Любопытно, что такие факторы, как интересная работа или лояльность по отношению к фирме, не столь важны. А хорошие условия труда занимают только 9-е место. Когда я спросил Клауса, изменился ли список хитов с момента появления книги, то он ответил, что незначительно. Хотя в зависимости от времени он может незначительно корректироваться. Но никогда не будет выглядеть так, как его обычно представляют.</p><p>Далее традиционный посыл &ndash; все на бумаге. Никакого управления &laquo;по телефону&raquo;, все распоряжения &ndash; только письменно. Система планирования времени во всей команде, без исключения учеников и работающих неполный день.</p><p>Автор настаивает на изложении философии тоже письменно. В его отеле стоит стойка с отпечатанными материалами, которые расходятся лучше, чем буклеты отеля. Они направляют эти материалы всем своим контрагентам. По сути, это и есть маркетинг!</p><p>А в части оргструктуры он и вовсе радикален, предлагая ее поставить вверх ногами.</p><p>Система тщательного анализа конкурентов позволит всегда быть на высоте. Этот аспект особенно важен, потому что анализ конкурентов помогает обращать внимание на недостатки своего предприятия.</p><p><strong>Определение целей</strong></p><p>В системе координат Кобьёлла различаются количественные и качественные цели. Количественные делятся на товарооборот, прибыль и инвестиции. Качественные &ndash; на человеческие, экологические и цели признания.</p><p>Здесь автор приводит ответ Форда, когда один журналист спросил, какую способность менеджера он считает самой дорогостоящей. Форд ответил, что тому, кто может действительно хорошо обращаться с сотрудниками, он заплатил бы любую цену.</p><p>&laquo;Полная прозрачность, самостоятельность и новаторство&raquo; &ndash; вот что пугает современного собственника и менеджмент всех уровней. &laquo;Все цели и существенные показатели известны каждому, это касается как величины долгов, так и моей зарплаты&raquo;, &ndash; пишет господин Кобьёлл. Можно ли себе это позволить, спросите вы, в масштабах крупного предприятия? У меня пока нет ответа на этот вопрос. Скорее всего, просто потому, что на это надо решиться!</p><p>Чем должен заниматься предводитель (собственник или ГД)? Не переставать заниматься долгосрочными маркетинговыми целями. Клаус ежедневно отводит на это два часа. Потому что он считает, что в наше быстро меняющееся время нововведения очень важны. Это было написано в начале 90-х. На сегодняшний день это стало еще более актуальным! Следующая задача: устанавливать контакты &ndash; поддерживать бесценные связи. Он устанавливает даже последовательность: сотрудники, поставщики, соседи, банки, власти и, совсем в конце, некоторые гости. Интересно, что гости оказались последними в списке. В противовес нормам, принятым в гастрономической отрасли. Последняя задача, но не с последним приоритетом &ndash; это семья. И свободное время, и спорт для равновесия.</p><p>Отдельно нужно остановиться на отношении Клауса к рекламе. Рекламный бюджет отеля Sсhindlerhof равен нулю. Телефонный справочник он называет &laquo;кладбище рекламных объявлений&raquo;. Его точка зрения: &laquo;Если я являюсь средним предпринимателем, не могу себе позволить сделать из магазина соков бренд, то уж лучше я совсем оставлю это дело&raquo;.</p><p>Тем не менее, с продажами в отеле Schindlerhof всегда было отлично. Поддержка продаж направлена только на людей, которых вы знаете лично. В конце 80-х специалисты по коммуникациям говорили, что самым важным инструментом является реклама, затем идет поддержка продаж и на последнем месте стоит работа с общественностью. Теперь (в 90-х) все наоборот: самый главный инструмент &ndash; работа с общественностью. И в сегодняшнее время Клаус придерживается этого подхода.</p><p>Еще одна особенность отеля Schindlerhof: маниакальная специализация в своей нише. Это нашло свое отражение в стратегической цели &ndash; создание конкурентных преимуществ за счет своей исключительности. В названии &ndash; конференс-отель. Как пример можно привести отказ от многофункциональных помещений.</p><p>Кобьёлл пишет: &laquo;Для начала, вам надо развить тактику, получить идею, а затем использовать стратегию. Тактика &ndash; это гвоздь, стратегия &ndash; молоток&raquo;.</p><p>Интересен еще тот факт, что Клаус и его команда очень избирательны в своих гостях. Это &ndash; тоже элемент маркетинга. Вы получите отказ от проведения вашего мероприятия, если Вы не целевая аудитория.</p><p>&laquo;Каждый продукт, каждая марка имеет свою линию жизни. И Maggi, и Сoca-Сola не удается избежать этой участи. У Coca-Сola эта линия в фазе зрелости очень долго держалась наверху, но потом она резко нагнулась, и они должны были найти для жизни что-то новое. Cola light, Classic Coke, и вообще все возможное, потому что чего-то одного уже не хватало.</p><p>Жизненный цикл продукта, марки или осуществляемой идеи, состоит из четырех этапов:</p><ol>  <li>Внедрение на рынок</li>  <li>Фаза роста</li>  <li>Фаза зрелости</li>  <li>Фаза распада&raquo;.</li></ol><p>Может это излагается не так красиво, как у Адизеса в &laquo;Жизненном цикле корпораций&raquo;, но это факт. Если мы находимся в фазе зрелости, мы должны понимать, как бы долго ни длилась следующая фаза &ndash; фаза распада. И жизненно необходимо для любой компании постоянно думать о завтрашнем дне. Кобьёлл и здесь говорит радикально-иронично: &laquo;Дойных коров&raquo; нельзя доить до &laquo;воды&raquo; и думать при этом, что еще я мог бы из этого &laquo;Ящика&raquo; выжать&raquo;.</p><p><strong>Про инвестиции</strong></p><p>&laquo;Деньги &ndash; как навоз: он полезен только тогда, когда его разбросают по полю. Только тогда может что-то получиться, а не тогда, когда я сижу на деньгах, как наседка на яйцах&raquo;.</p><p><strong>Маркетинг сотрудников</strong></p><p>Этот раздел стоит прочитать всем руководителям и тем, кто специализируется на HR. Настолько свежо и легко это читается. Вы узнаете про проспект для будущих сотрудников и принципы коммуникаций в отеле Schindlerhof. При этом, я считаю, что их можно применять в любой отрасли.</p><p>Дорогие специалисты в области управления человеческими ресурсами, почему же вы не пишите объявления в стиле Кобьёлла? Не могу удержаться, чтобы не привести пример из книги полностью: &laquo;Если бы не было любви, нам сегодня не пришлось бы искать специалиста для нашего отеля. Нашу теперешнюю &laquo;жемчужину&raquo; заарканил один техасец и увозит с собой в Даллас. Мы завидуем ей от всего сердца, а себе вовсе нет, так как где мы найдем ей такую замену, которая&hellip; (далее идет описание требований к должности). Радость, свобода и гармония стоят в центре нашего видения. Команда сотрудников и наши гости просто замечательные. Мы платим зарплату, которую вы пожелаете, и щедро оплачиваем повышение квалификации. Если вы заинтересовались, просто позвоните сегодняшней хозяйке этой должности госпоже N или вышлите ей сразу Ваше резюме и другие документы&raquo;. Согласитесь, такое объявление невозможно пропустить! По мнению автора, не нужно быть в два раза лучше других или платить в два раза больше. Достаточно просто совсем немного, но четко осязаемо быть лучше других. И самым главным при этом является прозрачность целей, и не важно, насколько велика ваша отрасль, эта информация распространяется, как огонь в африканских джунглях&raquo;.</p><p>Приведу выдержку из книги: &laquo;Тот, кто оплачивает работу сотрудников земляными орехами, не должен удивляться, что окружен орущими шимпанзе&raquo;.</p><p>Экономия ни в коем случае не является целью предприятия. Если вы хотите сделать ее целью, то должны наглухо закрыть свой &laquo;сейф&raquo;. Это дало бы максимум эффекта экономии, так как позволило бы абсолютно ликвидировать расходы на персонал, закупки и пр. Экономия оправдана и даже необходима, когда стоит вопрос о кризисном управлении.</p><p>Зарплата никогда не приходит от предпринимателя (собственника), она приходит от клиента. Это фундамент коммерческой организации. Каждый сотрудник должен понимать, что зарплату он получает не от собственника, от клиента &ndash; потребителя услуг.</p><p>Не бойтесь зарплаты по желанию.</p><p>Последний пункт в анкете при приеме на работу предлагает поставить цифру желаемого заработка. И человек, если он того стоит, всегда её получит. Последняя часть книги посвящена вопросам взаимоотношений с сотрудниками. Её точно лучше прочитать в оригинале.</p><p>Если вы не ограничите свое знакомство с Кобьёллом этой статьей, вас ждет еще много положительных эмоций от историй, рассказанных живым языком, с хорошим и жестким юмором.</p>	\N	55657590a1155.jpg	\N	2015-05-27 10:43:12	2015-06-10 17:38:24
36	\N	30	Уверенность в себе	\N	\N	55657476b4d57.jpg	\N	2015-05-27 10:38:30	2015-06-10 17:39:36
34	\N	33	Как стать богатым за один год	<p>Перед тем как привести выдержки из одной главы должен сообщить, что Хилл предвестник Трейси. Но, тем не менее все также рекомендую читать Брайана, потому что он добавляет энергии от себя, даже когда излагает чьи-то идеи. В этом надо отдать ему должное, он всегда ссылается на первоисточник.</p><p>Итак, хочу привести один из отрывков вышеозвученной книги. Не планирую приводить ее сокращенном виде, потому что она и так не велика. Тем не менее хотел бы, чтобы правила которые Н. Хилл приводит в главе &laquo;Живите в гармонии с окружающим миром&raquo; всегда были у вас по рукой.</p><p>&mdash; Говорите людям добрые слова или оказывайте полезные услуги, даже когда от вас их и не ждут.</p><p>&mdash; При обращении к людям говорите так, чтобы в вашем голосе чувствовались теплота и дружеское расположение.</p><p>&mdash; Направляйте тему разговора на предмет, наиболее интересующий собеседника. Говорите &laquo;с ним&raquo;, а не &laquo;ему&raquo;. Те люди, с которыми вы общаетесь, должны почуствовать, что они представляют для вас наибольший интерес, хотя бы на данный момент.</p><p>&mdash; Почаще смягчайте разговор улыбкой.</p><p>&mdash; Никогда, ни при каких обстоятельствах не проявляйте некомпетентность или незнание предмета разговора.</p><p>&mdash; Оставьте при себе свои религиозные и политические взгляды.</p><p>&mdash; Никогда не просите об услуге человека, которому вы сами не оказали ее ранее.</p><p>&mdash; Умейте выслушать человека. Побудите вашего собеседника к свободному общению.</p><p>&mdash; Помните, что одна унция оптимизма способна одолеть тонну пессимизма.</p><p>&mdash; Заканчивайте день своеобразной молитвой:&raquo;Я не прошу больших благ, я прошу дать мне больше мудрости, чтобы я наилучшим образом мог распорядиться тем, чем я располагаю в данный момент. Я очень прошу послать мне больше понимания, чтобы я занял больше места в сердцах своих близких и других людей, оказав им завтра еще больше внимания и услуг, чем сделал это сегодня&raquo;.</p>	\N	556573a57f716.jpg	\N	2015-05-27 10:35:01	2015-06-10 17:56:30
44	\N	\N	Эмоциональное лидерство	\N	\N	\N	3000	2015-05-28 10:30:28	2015-06-11 11:02:57
43	\N	\N	Поток	<p>Прочитал &laquo;Поток&raquo; Михая Чиксентмихая. Готовился к этому долго, впервые столкнулся с упоминанием этой книги года два назад. Но, несмотря на это и на тот факт, что эта книга часто упоминается в топ-списках как рекомендованная к прочтению, впечатления сложились неоднозначные. Много терминологии из психологии и психиатрии, иногда, на мой взгляд, избыточная детализация скрытых для обыкновенного человека процессов, где-то излишний уход в философию.</p><p>Тем не менее, безусловно, буду рекомендовать ее тем, кто серьезно озабочен вопросами: &laquo;Куда идти?&raquo;, &laquo;Что такое счастье?&raquo;, &laquo;В чем смысл жизни?&raquo;.</p><p>На некоторые вопросы я получил ответы, некоторые наоборот появились. Теперь я точно знаю, что счастье и удовольствие &ndash; это разные вещи. Может быть, автор и повторяет откровения других философов, начиная от Аристотеля и кончая Франклом, но я уяснил это окончательно именно в этой книге. И именно она побудила отложить все другие книги, чтобы прочитать &laquo;Скажи жизни да!&raquo; Виктора Франкла.</p><p>&laquo;Потоком&raquo; автор называет состояние полной поглощённости деятельностью, когда всё остальное отступает на задний план, а удовольствие от процесса позволяет максимально реализовывать свой потенциал. Эмоциональный подъем и состояние потока доступны в любой деятельности &ndash; в творчестве (художники, поэты, музыканты), в работе (автор приводит примеры мясника, слесаря, которые выполняли, казалось бы, рутинные действия и добились небывалого мастерства), в отношениях, дружбе, любви.</p><p>Интересен его взгляд на счастье: &laquo;Только к счастью мы стремимся ради него самого, а любые другие цели &ndash; здоровье, богатство, красота или власть &ndash; важны для нас только в той мере, в какой мы ждем, что они сделают нас счастливыми&raquo;. Цитируя Дж. Милля, &laquo;чтобы добиться подлинного улучшения судьбы человечества, необходимо изменить сами основы, определяющие ход человеческих мыслей&raquo;. &nbsp;Направленная деятельность, заряженная смыслом &ndash; и есть основа счастья и смысла жизни, по мнению автора книги. Когда есть четкая цель. Когда нет сомнений и колебаний. Когда человек забывает самого себя и уже не отличает себя от этой деятельности.</p><p>&laquo;Мы все время готовимся к жизни, но никогда не живем&raquo; (Р. У. Эмерсон).</p><p>&laquo;Люди боятся не самих вещей или событий, но того, как они воспринимают их&raquo; (Эпиктет).</p><p>&laquo;Если какие-то вещи или события причиняют вам боль, то это происходит не из-за самих вещей, а из-за вашего суждения о них. И в вашей власти немедленно отринуть это суждение&raquo;.</p><p>&nbsp;</p><p>Сознание в версии автора &ndash; это целесообразно упорядоченная информация. &laquo;По сути, именно отражение, создаваемое сознанием, &ndash; сумму всего того, что мы услышали, увидели, почувствовали и перестрадали от рождения до смерти, &ndash; мы называем своей жизнью&raquo;. Силы, упорядочивающие информацию в сознании, автор называет интенциями, или намерениями. Он использует эти термины вместо &laquo;инстинкт&raquo;, &laquo;потребность&raquo;, &laquo;влечение&raquo;, &laquo;желание&raquo;.</p><p>Автор использует термин &laquo;психическая энтропия&raquo;, понимая под ним беспорядок сознания. &nbsp;В одиночестве, без необходимости концентрировать внимание, мы обнаруживаем, что сознание начинает погружаться в хаос. Предоставленное самому себе, оно, как правило, переключает внимание случайным образом, задерживаясь на неприятных и тревожных мыслях.&nbsp; Без тренировки люди не могут сохранять сосредоточенность более нескольких минут подряд. Хаос является нормальным состоянием сознания.</p><p>В противоположность этому состоянию вводится понятие оптимального переживания, обеспечивающего течение психической энергии без всяких препятствий. &laquo;Важнейшим условием оптимального переживания является способность постоянно, в каждый момент времени контролировать происходящее в сознании, этого можно достичь лишь путем личных усилий и творчества&raquo;. Сражаться приходится с энтропией, которая вносит хаос в сознание. Это битва за установление контроля над психической энергией.</p><p>Состояние потока, оптимального переживания наступает, когда наша психическая энергия (внимание) направлена на решение конкретной реалистичной задачи и когда наши умения соответствуют требованиям, предъявляемым нам этой задачей.</p><p>&laquo;Оптимальное состояние сознания &ndash; это внутренняя упорядоченность&raquo;.</p><p>Много внимания уделено вопросам улучшения качества жизни и радости. Автор пишет: &laquo;Пока человек не научится ставить цели и улавливать обратную связь, он не сможет получать радость от своей деятельности&raquo;.&nbsp; Книга борется с тезисом о том, что работа &ndash; это что-то неприятное, что надо побыстрее закончить и идти домой. Как горькая таблетка, которую надо, зажмурившись, проглотить.</p><p>По мнению автора &laquo;Потока&raquo;, работа должна приносить радость и даже счастье. Работа, организованная по правилам потоковой деятельности, &ndash; есть самая эффективная.</p><p>Когда Зигмунда Фрейда попросили дать рецепт счастья, он ответил: &laquo;Любить и работать&raquo;. С этим не поспоришь, потому что, если человек испытывает состояние потока в работе и в отношениях с другими людьми, он, скорее всего, сможет улучшить качество своей жизни в целом.</p><p>&nbsp;</p><p>Аутотелическое переживание.</p><p>Термин &laquo;аутотелический&raquo; образован от двух греческих слов:&nbsp;<em>auto</em>&nbsp;означает &laquo;само по себе&raquo; и&nbsp;<em>telos</em>&nbsp;&ndash; &laquo;цель&raquo;. Другими словами, это деятельность, которая совершается не ради будущего вознаграждения, а ради нее самой.</p><p>&laquo;То, насколько нам удалось приблизиться к нашей цели, является мерой качества нашей жизни&raquo;.</p><p>&laquo;Подозреваю, что именно в том, как американцы впустую расходуют свое свободное время, скрыт источник величайших убытков современного американского общества&raquo; (Роберт Парк).</p><p>Как писал К. Братбилл, &laquo;будущее принадлежит человеку не просто образованному, но научившемуся мудро использовать свое свободное время&raquo;.</p><p>Индивид, живший отдельно, становился идиотом, что изначально в переводе с греческого означало изолированного человека, неспособного учиться у других.</p><p>Для того чтобы цели способствовали возрастанию личностной сложности, цель должна быть одновременно и дифференцированной, и интегрированной. Дифференцированность означает, что каждого поощряют развивать свои уникальные черты и навыки, ставят индивидуальные цели. Интегрированность &ndash; напротив, что происходящее с одним имеет значение для всех остальных.</p><p>&laquo;Древние греки использовали слово &laquo;политика&raquo; для обозначения любых дел, не касающихся личного и семейного благополучия индивида. В этом широком смысле политика может быть одним из самых приятных и сложных видов деятельности, доступных человеку, поскольку чем шире социальная арена, на которой ему приходится действовать, тем масштабнее встают перед ним задачи&raquo;.</p><p>&laquo;Однако, на самом деле, чисто экономический подход к жизни правильно было бы считать иррациональным, поскольку истинный критерий ценности чего-либо заключается в качестве и сложности переживаемого опыта&raquo;.</p><p>&laquo;Хорошее предприятие &ndash; не то, которое приносит наибольшую прибыль, а то, которое сильнее способствует улучшению качества жизни своих работников и клиентов.</p><p>&laquo;Когда Карлейля спросили, как можно улучшить мир, он ответил: &laquo;Начните с себя. Тогда в мире станет на одного хорошего человека больше&raquo;. Этот совет не утратил актуальности и в наши дни. Тому, кто пытается добиться всеобщего блага, не научившись прежде контролировать свою жизнь, как правило, удается только ухудшить ситуацию&raquo;.</p><p>Оптимальные переживания не следует рассматривать как приятное дополнение к жизни, построенной на твердом фундаменте здоровья и материального благополучия. Общепринятое мнение, что только при наличии этих прочных основ&nbsp; можно получать удовлетворение от субъективных&nbsp; аспектов жизни. Вся книга написана с целью опровергнуть подобные представления.</p><p>Субъективные переживания представляют собой не просто один из аспектов жизни &ndash; это и есть сама жизнь. Материальные условия вторичны, поскольку воздействуют на нас опосредованно, через наше восприятие, в то время как состояние потока и даже просто удовольствия влияют на качество жизни напрямую. Здоровье, деньги и другие материальные блага могут улучшить нашу жизнь, но этого может и не произойти. (СИ: В части здоровья не соглашусь с автором. Потому что здоровье, как, впрочем, и время, является невосполнимым ресурсом. Примеры про людей с ограниченными возможностями действительно говорят о силе духа и стойкости характера. Однако, если бы их спросить, стали бы они счастливее, если бы здоровье вернулось, то ответ, думаю, очевиден.) Если человек не научится управлять своей психической энергией, весьма вероятно, что эти внешние преимущества будут для него бесполезны.</p><p>&laquo;Тот факт, что телом управляет разум, есть наше самое фундаментальное знание о жизни, несмотря на то, что биология и медицина отвергают его&raquo; (Франц Александер).</p><p>Мужество &ndash; качество, которое в прежние времена называлось просто &laquo;достоинством&raquo; (<em>virtue</em>&nbsp;&ndash; от латинского&nbsp;<em>vir</em>, что значит &laquo;человек&raquo;.)</p><p>&laquo;Почему же стресс лишает сил одних людей и придает силы другим? Ответ прост: те, кто знает, как преобразовать безнадежную ситуацию в новую потоковую деятельность, подвластную контролю, переживает испытания радостью и выходят из них окрепшими. Подобное преобразование включает три шага:</p><ol>  <li>Неэгоцентричная самоуверенность. Такое отношение возникает, когда человек перестает противопоставлять себя миру, как это делает тот, кто настаивает на первостепенной важности именно своих целей и намерений. Вместо этого человек ощущает себя частью происходящего вокруг и пытается сделать все возможное в рамках той системы, в которой он должен действовать. Как ни парадоксально, но готовность подчинить свои цели чему-то большему и играть не по тем правилам, которые хотелось бы установить, свойственна именно сильным людям.</li>  <li>Сфокусированность внимания на внешнем мире.</li>  <li>Открытие новых решений.</li></ol><p>Настоящий художник приступает к творчеству, имея в голове глубоко прочувствованную, но не вполне определенную цель. Если на холсте вдруг возникает неожиданное цветовое решение или новая форма, он меняет картину в соответствии с ними. В итоге у него получается нечто, возможно, даже отдаленно не напоминающее первоначальные наброски. Если художник чутко относится к своему внутреннему чувству, знает, что ему нравится, а что &ndash; нет, и следит за тем, что возникает на холсте, его картина будет хороша. Если же он следует конвенциональным (общепринятым) представлениям о том, как должно выглядеть произведение искусства, игнорируя открывающиеся ему возможности, картина получится банальной.</p><p>У всех нас есть некоторые представления о том, чего мы хотим от жизни. Они включают базовые потребности, заложенные на генетическом уровне и важные для выживания вида: потребность в пище, безопасности, продолжении рода, доминировании над другими особями. В них также входят желания, навязанные нашей культурой: быть стройным, богатым, образованным и любимым. При определенном везении мы можем воплотить в себе идеальный для нашего времени физический и социальный образ. Но это ли является наилучшим применением нашей энергии? А что, если нам не удастся реализовать эти цели? Мы никогда не узнаем о других возможностях, если не будем, подобно художнику, внимательно следящему за происходящим на холсте, тщательно наблюдать за тем, что творится вокруг нас, и оценивать события с точки зрения их реального влияния на наши ощущения от жизни. Если мы будем вести себя так, то обнаружим, что вопреки нашим прежним представлениям гораздо больше удовлетворения можно испытать, оказав помощь человеку, чем победив его, и что общение с двухлетним ребенком приносит больше радости, чем партия в гольф с президентом крупной компании.</p><p>Здоровый, богатый и могущественный человек не имеет преимуществ перед больным, бедным и слабым, когда речь идет об установлении контроля над сознанием.</p><p>Аутотелическая личность преобразует переживания, чреватые энтропией, в состояние потока.&nbsp; Правила, следуя которым можно развить в себе качества такой личности, просты и напрямую связаны с состоянием потока.</p><ol>  <li>Ставить цели. Задачи, которые ставит себе человек, должны быть посильными. Чем бы ни занимался субъект, его способности должны соответствовать сложности стоящей перед ним задачи. Радость возникает на границе между скукой и страхом не справиться.</li>  <li>Полностью погружаться в деятельность. Иметь возможность сосредоточиться. В процессе деятельности увлечённость субъекта настолько высока, что он забывает о повседневных тревогах и проблемах. Занятия в состоянии потока позволяют человеку ощущать контроль над своими действиями.</li>  <li>Уделять внимание происходящему вокруг.</li>  <li>Научиться радоваться сиюминутным переживаниям. В момент совершения действия осознание своего Я (Эго) как будто исчезает, зато после окончания потокового эпизода оно становится сильнее, чем раньше. Наконец, изменяется восприятие течения времени: часы превращаются в минуты, а минуты могут растягиваться в часы. Все потоковые ощущения как бы переводят человека в новую, ещё не изведанную им реальность, наполняя его духом первооткрывательства, расширяя горизонты его способностей. Другими словами, они изменяют личность, делая её более сложной.</li></ol><p>&nbsp;</p><p>Смысл</p><p>Первая трактовка данного понятия означает &laquo;цель&raquo;, &laquo;назначение&raquo;, &laquo;значимость&raquo;, как в вопросе &laquo;В чем смысл жизни?&raquo;. В этом значении слова отражается идея, что все события имеют общую конечную цель, упорядочены во времени и связаны причинно-следственными связями.</p><p>Во-вторых, о смысле можно говорить, имея в виду намерения индивида: &laquo;Какой смысл делать это сейчас?&raquo; Речь здесь о том, что намерения проявляются в действиях и цели находят свое предсказуемое последовательное и упорядоченное выражение.</p><p>Третье значение этого слова предполагает внесение структуры в информацию. Например, смысл дорожного знака с изображением волнистых линий в том, что впереди &ndash; извилистая дорога. Такое понимание слова указывает на взаимосвязь событий, предметов, помогая прояснить и упорядочить отношения между ними.</p><p>Самопознание &ndash; вот способ, посредством которого человек может упорядочить свои цели.</p><p>Внутренний конфликт возникает из-за того, что за психическую энергию борются слишком много противоречащих друг другу желаний и целей. Единственная возможность преодолеть конфликт заключается в том, чтобы отделить существенные цели от неважных и построить между ними иерархию приоритетов. Достичь этого можно двумя способами: древние называли их&nbsp;<em>vita activia</em>, или жизнь в действии, и&nbsp;<em>vita contemplativa</em>, или путь размышлений.</p><p>Человек, обратившийся к&nbsp;<em>vita activia</em>, достигает состояния потока через полную погруженность в решение конкретных внешних задач. Действие помогает создать внутренний порядок, но такой подход имеет свои побочные эффекты. Личность, посвятившая себя достижению прагматических целей, подавляет внутренний конфликт ценой значительных ограничений.</p><p>В такие моменты становятся очевидны преимущества созерцательного подхода. Беспристрастное размышление над своими переживаниями, реалистичное взвешивание альтернатив и их последствий издавна считалось предпосылками правильной жизненной философии.</p><p>В идеале, действия и размышления должны дополнять друг друга. Действие по природе своей слепо, рефлексия &ndash; бессильна. Прежде чем вложить в ту или иную цель значительное количество психической энергии, стоит ответить себе на вопрос: действительно ли я хочу этим заниматься? Доставляет ли мне это радость? Стоит ли это дело той цены, которую придется заплатить? Смогу ли я жить в мире с собой, когда достигну этой цели?</p><p>Интересная игра, интенсивная работа, приятный вечер в кругу семьи &ndash; все это сосредоточивает на себе внимание и вызывает гармоничное потоковое переживание. В условиях избытка задач, требований и альтернатив мы впадаем в тревогу, в ситуации их дефицита &ndash; начинаем скучать.</p><p>Существенно сложнее продлить состояние потока всю жизнь. Для этого нужно вкладывать энергию в цели, сохраняющие свою мотивирующую силу даже тогда, когда все наши ресурсы истощены, а судьба лишила нас своей благосклонности. При условии правильно выбранных целей и достаточной решимости не сдаваться перед лицом трудностей, мы будем настолько сосредоточены на своих действиях и событиях вокруг нас, что у нас просто не останется времени быть несчастными.</p><p>Нам предстоит ответить на вечные вопросы: &laquo;Откуда мы?&raquo;, &laquo;Куда мы идем?&raquo;, &laquo;Какие силы влияют на нашу жизнь?&raquo;, &laquo;Что такое добро и зло?&raquo;, &laquo;Как мы связаны друг с другом и с миром вокруг нас?&raquo;, &laquo;Каковы последствия наших действий?&raquo;</p><p>Проблема смысла будет решена, когда личные цели индивидов сольются с общим потоком бытия. И тогда мы непосредственно ощутим высший порядок, пронизывающий всю жизнь, и все наши мысли и чувства сольются в гармоничное целое.</p>	\N	5565780452543.jpg	128	2015-05-27 10:53:05	2015-06-11 11:42:18
37	\N	\N	Секреты голоса	<p><em>Китайская притча:</em></p><p><em>Старая мудрая сова сидела на дереве;</em></p><p><em>Чем больше она видела, тем меньше она говорила;</em></p><p><em>Чем меньше она говорила, тем больше слышала;</em></p><p><em>Почему же мы не ведем себя так, как эта старая мудрая птица?</em></p><p>&nbsp;</p><p>Мы все время забываем, что один из главных инструментов коммуникации &ndash; это умение слушать! Исследования показывают, что мы запоминаем от 25 до 50 процентов из того, что слышим.</p><p>Для того чтобы научиться слушать, автор предлагает сначала овладеть навыками&nbsp;<strong>сосредотачиваться, наблюдать и удерживать внимание</strong>.</p><p>Для того чтобы иметь возможность сосредотачиваться, надо, прежде всего, избавить мозг от лишней информации. По сути, нужно начать с расстановки приоритетов, после этого можно воспользоваться туннельным зрением (одновременно нужно смотреть только на одну вещь, не позволяя глазам перескакивать с одного предмета на другой) и медитацией. (СИ: По своему опыту скажу, что уже только определение приоритетов позволяют резко увеличить свою продуктивность. Это касается и эффективности коммуникаций, и продуктивности в целом.)</p><p>Про волшебника Тевтогрора: с помощью мнемонической системы автор помогает запомнить 5 элементов вербального общения, которые нужно учитывать во время разговора/слушания &ndash;&nbsp;<strong>темп, высота, тон, громкость, ритм.</strong></p><p><strong>&nbsp;</strong></p><p><strong>Высота&nbsp;</strong>&ndash; это то, насколько высоко или низко звучит ваш голос, своего рода индикатор вашего эмоционального состояния. Высота голоса делает явными для окружающих многие аспекты вашей (и не только) личности: высокий голос говорит о нервозности и волнении, тогда как низкий означает надежность, стабильность и эмоциональную уравновешенность. Монотонная речь быстро утомит слушателей и вызовет у них раздражение. Вам&nbsp; не удастся до них достучаться. Акцентируйте слова и оживляйте свою речь, меняя высоту голоса.</p><p>&nbsp;</p><p><strong>Громкость</strong>&nbsp;&ndash; это сила звучания вашего голоса (шепот, крик и т.д.). От нее зависит то, насколько хорошо слышат вас окружающие. Автор приводит историю про американского президента Авраама Линкольна, у которого были очень длинные ноги, и когда его спросили, какова оптимальная длина ног, президент ответил: &laquo;Они должны быть достаточно длинными, чтобы доставать до земли&raquo;. Этот же принцип действует и в отношении громкости человеческого голоса: он должен быть достаточно громким для того, чтобы все услышали ваши слова, но не настолько громким, чтобы собаке приходилось забиваться под диван и закрывать уши лапами.</p><p>Энергичный голос и громкий голос &ndash; разные вещи. Первый используется для выделения некоторых важных пунктов вашего выступления, тогда как второй является выражением гнева посредством повышения громкости. Если научиться управлять гневом, то вам удастся поддерживать громкость голоса на комфортном для всех уровне. Например, соблюдение правильной осанки или выполнение дыхательных упражнений, позволяют контролировать громкость голоса.</p><p>&nbsp;</p><p><strong>Тон</strong>&nbsp;&ndash; это отношение (хорошее или плохое), которое выражает ваш голос, или совокупность громкости, высоты и акцента на определенных словах. Тон определяет, как другие воспримут ваши слова. Важно не только то, ЧТО вы говорите, но и то, КАК вы это делаете. Как сказал Фридрих Ницше, часто мы отказываемся принять какую-то идею только потому, что нам не нравится тон голоса, которым ее сообщают.&nbsp;<strong>Наше общение на 55% состоит из визуального элемента, на 38% &ndash; из устной речи, или голоса, и только 7% приходится на сами слова.&nbsp;</strong>У французов есть пословица: &laquo;Тон определяет музыку&raquo;. Однако подлинный смысл этих слов таков: &laquo;Важно не столько то, что вы говорите, сколько то, как вы это делаете&raquo;.</p><p>&nbsp;</p><p><strong>Темп</strong>&nbsp;&ndash; это скорость, с которой вы говорите. Исследователи обнаружили, что оптимальный темп речи &ndash; не слишком медленный и не слишком быстрый, размеренный, без чрезмерного оживления, с обязательными короткими и частыми паузами. Люди, говорящие очень быстро, воспринимаются как ненадежные, тогда как те, кто говорит слишком медленно, кажутся тугодумами, педантами, слишком мелочными и щепетильными. Слишком высокий темп укажет на то, что вы волнуетесь или испытываете стресс, не можете себя контролировать, а значит не заслуживаете доверия. Слишком медленный темп говорит о робости и неуверенности в себе.</p><p>&nbsp;</p><p><strong>Ритм</strong>&nbsp;показывает, насколько равномерно звучит ваш голос, возникает на стыке всех перечисленных элементов.</p><p>&nbsp;</p><p>Каждый компонент по отдельности рисует лишь частичную картину психического состояния человека, тогда как все вместе, помещенные на голосовую ось и используемые в сочетании с невербальным языком тела, они служат индикаторами настроения и эмоций, которые люди передают в своей речи.</p><p>&nbsp;</p><p>В бонусной главе Вы сможете прочитать краткие рекомендации, как построить свое выступление. В целом прочтение книги должно занять у Вас не более 2 часов.</p>	\N	556574bed161c.jpeg	\N	2015-05-27 10:39:42	2015-06-11 11:42:27
49	\N	\N	Черный лебедь	\N	\N	\N	\N	2015-06-11 16:35:26	2015-06-11 16:35:26
29	12	\N	Путь к согласию, или Переговоры без поражения	<p>В этой книге вы познакомитесь со многими секретами искусства переговоров. Прочитав ее вы получите мощное оружие, и научитесь им управлять. Наверное самое главное, что мне запомнилось &mdash; это типы переговоров. Авторы книги предлагают их в следующей редакции:</p><p>&laquo;проиграл&raquo; &mdash; &laquo;проиграл&raquo;. Распространенный случай, когда стороны не договорились по любой причине.</p><p>&laquo;проиграл&raquo; &mdash; &laquo;выиграл&raquo;. Успеха добилась только одна сторона.</p><p>&laquo;выиграл&raquo; &mdash; &laquo;выиграл&raquo;. Стороны стремились договориться, поэтому удалось найти решения, которые позволили обеим сторонам достичь желаемого результата. Только когда вы начнете думать и действовать в интересах двух сторон, вы сможете стать мастером переговоров.</p><p>Однако, на этом не обязательно останавливаться. У вас всегда есть возможность попробовать провести переговоры еще в двух вариантах.</p><p>&laquo;выиграл&raquo; &mdash; &laquo;выиграл&raquo; &mdash; &laquo;выиграл&raquo;. Тот случай, когда в выигрыше оказывается третья сторона, которая не участвовала в переговорах. Если вы задумаетесь, то легко сможете представить такой случай.</p><p>И наконец, &laquo;выиграл&raquo; &mdash; &laquo;выиграл&raquo; &mdash; &laquo;выиграл&raquo; &mdash; &laquo;выиграл&raquo;. Редчайший случай, в результате которое выигрывают четыре стороны. Где четвертой стороной выступает общество.</p>	\N	55656ffac8033.jpg	\N	2015-05-27 10:19:22	2015-06-11 17:10:51
\.


--
-- Data for Name: categories; Type: TABLE DATA; Schema: public; Owner: web
--

COPY categories (id, name, description) FROM stdin;
20	Командообразование	<p>a</p>
26	Лидерство	<p>1</p>
28	Маркетинговые стратегии	<p>1</p>
30	Мемы и меметика	<p>1</p>
32	Механизмы управления организацией	<p>1</p>
33	Развитие навыков эффективного взаимодействия с людьми	<p>1</p>
34	Саморазвитие и самосовершенствование	<p>1</p>
36	Управление человеческими ресурсами	<p>1</p>
37	Философия	<p>1</p>
\.


--
-- Data for Name: books_categories; Type: TABLE DATA; Schema: public; Owner: web
--

COPY books_categories (book_id, category_id) FROM stdin;
4	20
5	20
6	20
7	20
8	26
9	26
10	26
11	28
12	28
13	28
14	28
16	30
17	32
18	32
19	32
20	32
21	32
22	32
23	33
24	33
25	33
26	33
27	33
28	33
29	33
30	33
31	33
32	34
33	34
34	34
35	34
36	34
37	34
38	36
39	36
40	36
41	36
42	36
43	37
44	26
\.


--
-- Name: books_id_seq; Type: SEQUENCE SET; Schema: public; Owner: web
--

SELECT pg_catalog.setval('books_id_seq', 49, true);


--
-- Data for Name: writers; Type: TABLE DATA; Schema: public; Owner: web
--

COPY writers (id, first_name, middle_name, last_name, description, filepath) FROM stdin;
33	Эхуд	\N	Сегев	<p><strong>Эхуд Сегев</strong>&nbsp;&ndash; эксперт с мировым именем в области анализа мышления, или менталайзер (это слово состоит из двух частей &ndash; mental + analyzer&nbsp;&ndash; и обозначает человека, использующего различные навыки и способности для понимания, объяснения и влияния на человеческое поведение).</p><p>Эхуд, детство которого прошло в Верхней Галилее, был не похож на своих ровесников. Когда соседские дети играли на улице, 12-летний Эхуд сидел дома и осваивал книги по чтению мыслей, невербальному общению и каббале. Постепенно Сегев приобрел репутацию человека, имеющего особую связь со Вселенной, что вкупе с его способностью читать мысли, анализировать поведение и влиять на людей послужило предпосылкой его мирового успеха. В&nbsp;16&nbsp;лет Эхуд стал героем теленовостей. В 19 лет Эхуду удалось предсказать, кто одержит победу в избирательной гонке за пост мэра сразу в нескольких городах, что еще больше подстегнуло интерес к его личности. Это предсказание было опубликовано за 11 дней до выборов в газетной статье под заголовком &laquo;Пророчество&raquo;, после чего люди начали называть его аналитиком разума и вскоре дали ему прозвище Менталайзер.</p><p>Сегодня Эхуд выступает с представлениями по всему миру, включая участие в серии передач американского телеканала NBC &laquo;Феномен&raquo; и в шоу, транслируемых израильским телевидением. Его цель&nbsp;&mdash; не только развлечь людей, но и помочь им лучше понять человеческую природу, развить самосознание и другие духовные качества. Сегев также стремится научить людей использовать некоторые из его приемов в реальной жизни. Для этого он разработал программу &laquo;Анализ мышления&raquo;, основанную на детальном изучении особенностей мышления и поведения и включающую элементы нейролингвистического программирования, интерпретацию языка тела, анализ голоса, медитацию и самогипноз. С&nbsp;ее помощью можно улучшить взаимодействие с коллегами по работе и близкими, а также стать счастливее и успешнее.</p><p><strong>&nbsp;</strong></p><p><strong>Цитаты</strong></p><p>&laquo;Все мы по-своему пророки, учителя и ученики одновременно. От нас требуется лишь использовать те методы, которым учит программа. Любой может извлечь из них какую-то пользу.&raquo;</p><p>&laquo;Чем больше вы знаете и умеете, тем совершеннее ваша способность устанавливать связь с собой и другими людьми. И&nbsp;чем совершеннее эта связь, тем удивительнее чудеса, которые вы творите.&raquo;</p>	55657aac4505d.jpg
6	Тони	\N	Шей	\N	\N
8	Владимир	\N	Тарасов	\N	\N
9	Манфред	\N	Кетс де Врис	\N	\N
12	Роберт	\N	Чалдини	\N	\N
14	Кристофер	\N	Кован	\N	\N
16	Джим	\N	Коллинз	\N	\N
22	Марк	\N	Гоулсон	\N	\N
23	Орен	\N	Клафф	\N	\N
32	Элис	\N	Мьюир	<p>Элис Мьюир &mdash; психолог, сертифицированный Британским психологическим обществом, опытный преподаватель, тренер, автор и коуч по персональному росту. Работала в качестве лектора и консультанта в Открытом университете, в течение 20 лет занимается собственным бизнесом. Является членом Британского психологического общества, Главного совета по преподаванию и Ассоциации коучинга, а также действующим членом Международной ассоциации управления стрессом (ISMA UK). Замужем, имеет двух взрослых детей.</p><p>Элис Мьюир принадлежит термин Stress Adviser (&laquo;консультант по борьбе со стрессом&raquo;), который вошел в употребление в 1994 году. С тех пор в Великобритании и других странах Элис обучила сотни консультантов по борьбе со стрессом.</p><p>Элис опубликовала 12 книг, в основном по тематике стресса и личностного развития. В настоящее время Элис является редактором отдела в журнале Stress News, который выпускается Международной ассоциацией управления стрессом, и часто предоставляет экспертные комментарии для различных статей, включая публикации в таких журналах, как My Weekly, Psychologies, Prima, Mail on Sunday, The Herald и Essentials.</p><p>&nbsp;</p><p><strong>Цитаты</strong></p><p>&laquo;У каждого из нас есть сильные и слабые стороны. Самое важное &mdash; отдавать себе отчет в своих недостатках и принимать свои слабые стороны во внимание, не позволяя им подавлять нас. В то же время нужно осознавать свои сильные стороны и пытаться максимально их использовать.&raquo;</p><p>&laquo;Выберите то, что вам действительно нравится. Пусть эта деятельность станет для вас вызовом. Подойдет все что угодно: новый проект на работе, участие в благотворительном марафоне, организация особенного праздника или изучение нового языка. Ощущение достижения придаст вам сил и энергии.&raquo;</p><p>&laquo;Успех зависит от того, насколько упорно вы работаете. Поэтому перестаньте заниматься самоедством и корить себя за недостаток таланта по сравнению с коллегами. Просто засучите рукава и работайте усерднее &mdash; успех не заставит себя ждать. А ничто так не способствует укреплению уверенности в себе, как успех.&raquo;</p><p>&laquo;В вашем внутреннем монологе могут встречаться слова &laquo;должен&raquo;, &laquo;следует&raquo;, &laquo;надо&raquo;. Проанализировав свои мысли, вы поймете, что они представляют собой ваши собственные ожидания и результат чрезмерно строгих личных правил &mdash; и все это исходит от вас самого.&raquo;</p>	55657ad35545b.png
36	Олег	Анатольевич	Матвейчев	<p><strong style="line-height: 19.6000003814697px;">Олег Анатольевич Матвейчев</strong>&nbsp;родился 1 февраля 1970 г. в Новокузнецке Кемеровской области. В 1995 г. защитил диссертацию по философии политики и права Гегеля. Автор книг, &laquo;культовых&raquo; для политического консультирования. Принимал активное участие в предвыборных кампаниях в качестве политолога и политического консультанта, а также занимался информационным сопровождением сторон в конфликтах собственников. Работал более, чем в 60 регионах России и за рубежом.</p><p>Учредитель нескольких фондов и информационных агентств. С 2003 г. Президент &laquo;Фонда поддержки футурологических исследований&raquo;. Направления деятельности: исследования в области инноваций, долгосрочных трендов, прогнозирования, футурологии, поиск и пропаганда технических и гуманитарных инноваций. Преподаватель спецкурсов в Высшей Школе Экономики и МГУ. Постоянный лектор молодежного лагеря &laquo;Селигер&raquo;. Лучший преподаватель 2006 г. Высшей Школы Управления. Действительный член (академик) Национальной Академии Социальных Технологий. Пять лет подряд входил в двадцатку лучших политтехнологов в России по рейтингу &laquo;Общей газеты&raquo;. С 2006 года &ndash; сотрудник Администрации Президента Российской Федерации. Консультант, затем Советник Управления Президента Российской Федерации по внутренней политике. Классный чин: Государственный советник Российской Федерации III класса. Сотрудник предвыборного штаба Д. Медведева (2008 г.) В 2010-11 гг. заместитель губернатора Вологодской области.</p><p>Автор более 100 научных публикаций и 12 монографий. Эксперт многих федеральных СМИ. Редактор журнала переводов &laquo;Герменея&raquo;. Редактор главного русскоязычного портала, посвященного м. Хайдеггеру. Входит в 50 самых популярных блогеров Живого Журнала.</p><p><strong>Цитаты:</strong></p><p>&laquo;Вот США &mdash; государство, которое достигло пределов совершенства в манипуляции своими гражданами и гражданами всего мира.&raquo;</p><p>&laquo;Политолог&raquo; &mdash; это, в отличие от &laquo;стратега&raquo;, аналитик того, что уже произошло. Он &laquo;крепок задним умом&raquo;. Он постоянно ошибается в шансах на победу и поражение, постоянно ошибается в прогнозах, но если факт уже совершился, он тысячью способов объяснит, почему это было так, а не иначе.&raquo;</p><p>&laquo;За что же? &mdash; изумился Форд-Рокфеллер. &mdash; Вы же ничего не сделали, а просите тысячу долларов за один удар, за минуту работы!&raquo; &mdash; &laquo;Для того, чтобы ударить, я несколько часов осматривал станок, чтобы знать, куда ударить и с какой силой.&raquo;</p>	5564b4bf10494.jpg
19	Джерард	\N	Ниренберг	<p><strong>Ниренберг Джерард</strong>&nbsp;(1923-2012) &mdash; президент нью-йоркского Института переговоров и автор более 20 книг по деловой психологии, переведенных на 28 языков мира. Успешный адвокат, разработавший идею взаимовыгодного общения. В 1966 г. основал Институт переговоров, который занимается профессиональной подготовкой специалистов для частных и государственных учреждений во всем мире. Журнал Forbes окрестил его &laquo;Отцом искусства переговоров&raquo;, а The Wall Street Journal именует его не иначе как &laquo;Один из Восьми Мудрейших&raquo;</p><p>&nbsp;</p><p><strong>Цитаты:</strong></p><p>&laquo;В результате успешных переговоров выигрывают</p>	55657d0de154f.jpg
35	Михай	\N	Чиксентмихайи	<p><strong>Михай Чиксентмихайи</strong>&nbsp;(29 сентября 1934, Фиуме, Королевство Италия) &mdash; американский психолог венгерского происхождения, профессор психологии, бывший декан факультета Чикагского университета, известный по своим исследованиям тем счастья, креативности, субъективного благополучия, однако более всего известен благодаря своей идее &laquo;потока&raquo; &mdash; потокового состояния, изучаемого им в течение нескольких десятилетий.</p><p>Заслуженный профессор и директор центра исследований качества жизни Клермонтского университета (США), член Американской академии образования, Американской академии наук и искусств и Национальной академии исследований досуга.</p><p>Чиксентмихайи &mdash; автор нескольких бестселлеров и более чем 120 статей для журналов и книг, многие из которых переведены на разные языки мира, в том числе на русский. Его считают одним из наиболее широко цитируемых психологов современности в нескольких областях, относящихся к психологии и бизнесу.</p><p>&nbsp;</p><p><strong>Цитаты</strong></p><p>&laquo;Когда мы ощущаем себя активными и сильными, мы с большей вероятностью чувствуем себя счастливыми.&raquo;</p><p>&laquo;Не мечтая и не рискуя, человек может достичь только жалкого подобия жизни.&raquo;</p><p>&laquo;Опыт происходит во времени, поэтому время &ndash; наш самый главный ресурс.&raquo;</p><p>&laquo;Если мы не будем управлять своей жизнью сами, ей будут управлять другие внешние силы, и кто-то будет использовать ее в своих целях.&raquo;</p><p>&laquo;Без приложения каких-либо усилий скучная работа так и останется скучной.&raquo;</p><p>&laquo;Мы должны постоянно переоценивать значение наших достижений, иначе привычки и устаревшая мудрость скроют от нас новые возможности.&raquo;</p>	556579c2726cf.jpg
38	Джозеф	\N	Овертон	<p><strong>Джозеф Овертон</strong>&nbsp;(англ. Joseph Overton; 4 января 1960, Саут-Хейвен &mdash; 30 июня 2003) &mdash; американский электроинженер и юрист. Вице-президент Макинского центра публичной политики, мастер презентации. Известен как автор политической теории &laquo;Окно Овертона&raquo;, названной в его честь.</p><p>Джозеф П. Овертон еще в середине 1990-х описал применяемую современными PR-технологами модель манипулирования общественным сознанием, посмертно названную &laquo;Окном Овертона&raquo; &mdash; социальную технологию легализации маргинальных идей и явлений. Он описал, как совершенно чуждые обществу идеи были подняты из помойного бака общественного презрения, отмыты и, в конце концов, законодательно закреплены.</p><p>Автор погиб в авиакатастрофе, и только после его смерти описанная им модель стана приобретать свою популярность.</p>	55657a1cc282b.jpg
37	Уильям	\N	Онкен-младший	<p>Уильям Онкен-младший (William Oncken, Jr., 1912-1988) &ndash; председатель совета директоров компании William Oncken Corporation, занимал этот пост до самой смерти в 1988 году. Являлся главой одного из региональных подразделений международной ассоциации The Executive Committee (TEC), объединяющей корпоративных лидеров.<br>Возглавлял консультационную компанию Richardson, Bellows, Henry and Company в Нью-Йорке до 1960 года, пока не открыл свой собственный консультационный бизнес. Создавал собственные программы тренингов, включая известный семинар по управлению временем менеджеров Managing Management Time&trade;.<br>Регулярно читал лекции в ведущих университетах США и был популярной фигурой на государственных съездах.<br>За годы жизни написал множество статей, широко распространившихся через университеты, корпорации, ассоциации и государственные организации. Его самая известная статья &laquo;Менеджер и его время, или Кому достанется обезьяна?&raquo; была опубликована в ноябре-декабре 1974 г. в Harvard Business Review и стала одной из самых часто перепечатываемых статей в истории издания.</p><p>Цитаты:<br>&laquo;Добейтесь контроля над содержанием и расходованием своего временного ресурса&raquo;<br>&laquo;У останавливайтесь, пока не начнете играть вместе со своей командой, а не против нее&raquo;</p>	55657a5d51e4f.jpg
31	Наполеон	\N	Хилл	<p>Наполеон Хилл (англ. Napoleon Hill, 26 октября 1883 года &mdash; 8 ноября 1970 года) &mdash; американский автор в области новой мысли, философ и психолог успеха, журналист из США, один из создателей современного жанра &laquo;самопомощь&raquo; (англ. self-help book).</p><p>Самая известная работа Наполеона Хилла &ndash; &laquo;Думай и богатей&raquo; (Think and Grow Rich, 1937) &ndash; является одной из самых продаваемых книг всех времён. Как именно человек достигает успеха и конкретная формула успеха для обычного человека &mdash; основные темы книг Хилла.</p><p>Наполеон Хилл родился в 1883 году в маленькой лесной хижине в горах Виргинии. Его мать &mdash; Сара Сильвания Блэр &mdash; умерла, когда Хиллу было 10 лет. Отец &mdash; Джеймс Монро Хилл.<br>В молодости, чтобы заплатить за учёбу в Джорджтаунском университете, где он изучал юриспруденцию, Хилл подрабатывал репортёром в небольшой газете. Талант и журналистская хватка определили его дальнейшую судьбу. Блистательные репортажи привлекли к нему внимание Роберта Л. Тэйлора, губернатора штата Теннесси и владельца журнала &laquo;Боб Тэйлорс Мэгэзин&raquo;. Он заказал молодому Хиллу серию статей об успешной карьере известных людей, первым из которых стал знаменитый американский промышленник и меценат Эндрю Карнеги.<br>Наполеон Хилл произвел хорошее впечатление на Карнеги, и тот благословил репортёра на большую работу, которая должна была занять порядка двух десятилетий: предполагалось взять подробнейшие интервью у пятисот наиболее преуспевающих американцев и вывести универсальную формулу успеха, пригодную для людей даже с самыми скромными способностями. За время своей работы в числе собеседников Хилла оказались такие известные персоны, как Генри Форд, Чарльз Шваб, Вильям Ригли, Кларенс Дэрроу, Лютер Бербэнк, Джон Пирпонт Морган и даже три американских президента.<br>В 1928 году, ровно через двадцать лет после знакового разговора с Карнеги, Хилл опубликовал первую книгу &mdash; версию своей философии личного успеха. На протяжении всего времени, что он обобщал собранный материал, ему приходилось зарабатывать на жизнь самыми разными способами, в том числе работая рекламным агентом в Чикагском университете, а также издавая журнал &laquo;Голден Рул&raquo;. Во время первой мировой войны Хилл был экспертом по общественным отношениям в аппарате президента США Вудро Вильсона.<br>В 1933 году Дженнингс Рэндольф, сенатор Западной Виргинии, представил его 32-му президенту США Франклину Рузвельту, и Хилл вновь стал советником президента. Несколько позднее он решил заняться систематизацией и усовершенствованием своего двадцатилетнего труда &laquo;Думай и богатей&raquo;.<br>В 1952 году, после учреждения &laquo;Ассоциации Наполеона Хилла&raquo;, он включился в активную деятельность по распространению философии личного успеха и возглавил &laquo;Фонд Наполеона Хилла&raquo; &mdash; общественно-образовательную организацию, занятую обучением людей этой &laquo;науке успеха&raquo;.<br>В 1963 году Хилл составил новое расписание и программу для созданной им &laquo;Академии Личных Достижений&raquo; и организовал заочное обучение или обучение на дому. Произошло это на восьмидесятом году его жизни.<br>До последнего года своей жизни Наполеон Хилл занимался просветительской деятельностью и показывал своим примером эффективность своих методов и идей.</p>	55657afc42bde.jpg
30	Клейтон	\N	Кристенсен	<p><strong>Клейтон Кристенсен&nbsp;</strong>(Clayton Christensen) &mdash; профессор делового администрирования в Школе бизнеса Гарвардского университета, предприниматель и бизнес-консультант. Cчитается одним из ведущих экспертов в мире по инновациям и росту, его идеи широко используются в организациях по всему миру.</p><p>Награжден DBA от Гарвардской школы бизнеса. Имеет пять почетных докторских степеней. По результатам опроса тысяч руководителей и бизнес-консультантов, профессор Кристенсен был назван самым влиятельным бизнес-мыслителем в мире. Получил премию за лучшую бизнес-книгу года в 1997 и в 2011 годах. Книгу &laquo;Дилемма инноватора&raquo; The Economist назвал одной из шести самых важных книг о бизнесе. Пять раз получил премию McKinsey.</p><p>Родился в Солт-Лейк-Сити, столице штата Юта. Был скаутом. C 1971 по 1973 год работал в качестве миссионера в Республике Корея, где выучил корейский язык. Клейтон и сейчас продолжает служить своей церкви.</p><p>Окончил университет имени Бригама Янга, изучал философию; получил степень магистра. Изучал экономику в Оксфордском университете. Получил степень MBA с наивысшим отличием в Гарвардской школе бизнеса.</p><p>Профессор Кристенсен работал в Белом доме. Он является одним из основателей фирмы Innosight, специализирующейся на инновационном консалтинге. В своей книге &laquo;Дилемма инноватора&raquo;, сформулировал теорию инноваций. Клейтон Кристенсен является членом совета директоров служб Tata Consultancy (NYSE: TCS), Франклин Кови (NYSE: FC) и Вану, Inc.</p><p>Клейтон считает, что для человека важно не только построение выигрышной рыночной стратегии, но и правильное построение стратегии собственной жизни. Автор девяти книг-бестселлеров, один из самых продаваемых авторов в мире.</p><p>&nbsp;</p><p><strong>Цитаты</strong></p><p>&laquo;Я искренне верю в то, что менеджмент (как дисциплина и профессия) входит в число самых благородных занятий&hellip; Ни один другой род занятий не предлагает больше количество способов, позволяющих вам помочь другим людям учиться и расти, брать на себя ответственность и получать признание за свои достижения, а также вносить свой вклад в работу команды.&raquo;</p><p>&laquo;Лучшие компании достигают успеха потому, что внимательно изучают нужды потребителей и упорно инвестируют в развитие технологии и производство продуктов с такими техническими характеристиками, которые удовлетворяют требованиям следующего поколения пользователей. Однако, как это ни парадоксально, лучшие компании терпят крах по тем же причинам: из-за слишком пристального внимания к пожеланиям потребителей, инвестиций в развитие технологий и производства продуктов, нужных следующему поколению пользователей&raquo;</p>	55657b1b48001.jpg
29	Брайан	\N	Трейси	<p><strong>Брайан Трейси</strong>&nbsp;(англ. Brian Tracy; род. 27 ноября 1944, Ванкувер, Канада) &mdash; автор книг и аудиопрограмм на темы бизнеса, управления продажами, самореализации, лидерства и т. д.</p><p>Брайан Трейси является руководителем и генеральным директором Brian Tracy International, которая специализируется на обучении и развитии, как частных лиц, так и организаций. Брайан Трейси является консультантом более 1000 компаний и выступил перед более чем 4 млн. человек, участвовал в 4000 обсуждений и семинаров в США, Канаде и других станах по всему миру. Он учил, исследовал, писал и обсуждал на протяжении 30 лет такие области как экономика, история, бизнес, философия и психология. Брайан является автором более 45 успешно продаваемых книг, которые были переведены на несколько языков. Записал и создал более чем 300 обучающих аудио- и видео курсов, включая одну из самых высоко продаваемых книг в мире &laquo;Психология Успеха&raquo;, которая была переведена на более чем 20 языков. Брайан Трейси консультирует корпоративных и публичных деятелей по вопросам личностного и профессионального роста, в том числе руководителей и сотрудников из многих крупнейших американских корпораций. Его захватывающие выступления и семинары по вопросам лидерства, продаж, постановки целей, творчества и психологии успеха позволяют добиться немедленных позитивных изменений и получить максимальные результаты в долгосрочной перспективе.</p><p>Перед созданием компании Brian Tracy International, Брайан был заместителем директора по операциям в $265 миллионной строительной компании. У него была отличная карьера в отделе по продажам и маркетинге, инвестировании, распределению, консалтингу по менеджменту. Трейси работал более чем в 80 странах на 6 континентах, владеет шестью языками. Брайан женат и имеет четырех детей. Является президентом трех компаний, расположенных в Solana Beach, California. Брайан также является главой Brian Tracy University и частного онлайн университета по продажам и предпринимательству.</p><p><strong>Цитаты</strong></p><p>&laquo;Измени мышление, и ты изменишь свою жизнь&raquo;</p><p>&laquo;Печально, что люди бедны, потому что ещё не решили быть богатыми. Они страдают избыточным весом и находятся в плохой физической форме, потому что не решили ещё быть здоровыми и спортивными. Люди неэффективно растрачивают своё время, потому что ещё не решили производительно тратить своё время, чем бы они не занимались.&raquo;</p><p>&laquo;Целью стратегии является отыскание такого пути, который требует наименьшего расхода времени и энергии и дает возможность достичь наибольшего успеха.&raquo;</p><p>&laquo;Люди с высоким самоуважением ладят почти со всеми&raquo;</p>	55657b5ca9439.jpg
27	Стивен	\N	Кови	<p><strong>Стивен Кови</strong>&nbsp;(англ. Stephen R. Covey; 24 октября 1932, Солт-Лейк-Сити, Юта, США &mdash; 16 июля 2012, Айдахо, США) &mdash; американский консультант по вопросам руководства, управления жизнью, преподаватель и консультант по организационному управлению. Известен как лектор и автор книги &laquo;Семь навыков высокоэффективных людей&raquo;, которая в августе 2011 была названа журналом &laquo;The Times&raquo; одной из 25 наиболее влиятельных книг об управлении бизнесом. На сегодняшний день продано более 25 миллионов экземпляров книги на 38 языках мира, не считая полутора миллионов копий аудиокниг. Среди других популярных книг Кови &ndash; &laquo;Главное внимание главным вещам&raquo;, &laquo;Восьмой навык: От эффективности к величию&raquo;, &laquo;Семь навыков высокоэффективных семей&raquo;, &laquo;Лидерство, основанное на принципах&raquo;. В последние годы жизни Стивен Кови был заместителем председателя совета директоров компании FranklinCovey.</p><p>Вся жизнь Стивена Кови посвящена обучению людей целостному руководству и образу жизни. Более тридцати лет, Стивен Кови успешно обучал людей естественным законам, которые управляют эффективностью организаций и отдельных личностей.</p><p>По мнению доктора Кови, наиболее значимые подъемы в мировой истории достижений человечества происходили не благодаря заслугам отдельных людей, а в результате работы сильной, сплоченной команды. Все члены такой команды должны полностью доверять друг другу и служить одной великой цели.</p><p>Во многих компаниях с мировой известностью Стивен Кови работал в качестве тренера. Доктор Стивен Кови входит в список 25-ти самых влиятельных граждан Америки (по материалам журнала &laquo;Тайм&raquo;). Билл Клинтон, рекомендовал книгу Стивена Кови &laquo;Семь навыков высокоэффективных людей&raquo;, как настольную, для каждого, кто серьезно нацелен на успех.</p><p>Помимо всего перечисленного Стивен Кови еще и является обладателем нескольких важных наград: медалей, премий, званий. Например, в 1998 году ему присудили премию за вклад в дело мира, а уже в следующем 1999 году он стал обладателем звания &laquo;Оратор года&raquo;. В 2003 году многодетный папа Кови получил премию за отцовство (имеет 9 детей). Также Стивен был включен в рейтинг наиболее влиятельных американцев.</p><p><strong>Цитаты:</strong></p><p>&laquo;Сделайте свою жизнь работой вместо того, чтобы наполнять работой свою жизнь.&raquo;</p><p>&laquo;Если мы продолжаем делать то, что мы делаем, мы продолжаем получать то, что мы получаем.&raquo;</p><p>&laquo;Эффективное делегирование &mdash; высший вид эффективной человеческой деятельности.&raquo;</p><p>&laquo;Управление (или менеджмент) относится к нижнему уровню и решает вопрос: КАК лучше выполнить те или иные задачи? В то время как руководство имеет дело с верхним уровнем &mdash; определяет, ЧТО именно нужно сделать.&raquo;</p>	55657bbf09bd9.jpg
26	Уильям	\N	Юри	<p>Уилльям Юри &ndash;один из основателей Гарвардского переговорного проекта, в рамках которого он руководит программой, посвященной глобальным переговорам. Он &mdash; соавтор бестселлера &ldquo;Переговоры без поражения&raquo; (Getting to Yes: Negotiating Agreement Without Giving In), вышедшего пятимиллионным тиражом на более чем двадцати языках, а также автор книг Getting Disputes Resolved: Designing Systems to Cut the Costs of Conflict и The Third Side: Why We Fight and How We can Stop.<br>В последние два десятилетия Юри выступал в качестве консультанта по ведению переговоров и посредника в разнообразных конфликтах, от корпоративных слияний до &laquo;диких&raquo; забастовок на угольной шахте в Кентукки и этнических войн на Ближнем Востоке, на Балканах и в республиках бывшего Советского Союза. В 80-х годах он помогал правительствам Соединенных Штатов и Советского Союза в создании центров уменьшения ядерной опасности, предназначенных для предотвращения случайного начала ядерной войны. В этом качестве он был консультантом центра антикризисного управления при Белом доме.<br>Юри регулярно выступает с лекциями и проводит семинары для руководителей корпораций, профсоюзных деятелей, юристов, учителей, дипломатов и военных. В число его клиентов входят компании AT&amp;T, IBM и Ford, а также Министерство финансов США, Государственный департамент и Пентагон.<br>Уильям Юри закончил Йельский колледж, а магистерскую и докторскую степени он получил в Гарвардском университете по специальности социальная антропология. Он лауреат премии Уитни Норта Сеймура, присуждаемой Американской ассоциацией специалистов по арбитражу, а также медали &laquo;За заслуги&raquo; российского парламента. Он часто публиковался в авторитетных международных изданиях, от The New York Times до Financial Times, и выступал на телеканалах ABC, BBC и других.</p><p>Цитаты:<br>&laquo;Ситуацию запутывают двое, но достаточно усилий одного, чтобы начать процесс развязывания неподатливых узлов. Да, вы можете трансформировать даже самые трудные переговоры&raquo;.<br>&laquo;Переговоры, однако, &mdash; это улица с двусторонним движением. Ведь обычно не удается осуществить свои интересы, если при этом не удовлетворяются интересы оппонента. Стало быть, понять его [партнера по переговорам] интересы не менее важно, чем свои собственные&raquo;.<br>&laquo;Вместо того, чтобы толкать оппонента к соглашению, следует делать совершенно обратное. Необходимо тянуть его в нужном направлении. Ваша задача &mdash; перекинуть золотой мост через пропасть. Отход оппонента со своих позиций следует представить как движение вперед к лучшему решению&raquo;.</p>	55657bf24449b.jpg
17	Ицхак	\N	Адизес	<p>Ицха́к Кальдеро́н Ади́зес &mdash; один из экспертов в области повышения эффективности ведения бизнеса и правительственной деятельности путём внесения кардинальных изменений, которые не порождают неразберихи и деструктивных конфликтов, препятствующих изменениям.<br>За последние 35 лет доктор Ицхак Калдерон Адизес работал со многими коммерческими организациями мира, являлся консультантом по политическим вопросам при правительстве глав ряда государств. Адизес является основателем и генеральным директором Института Адизеса, организации, специализирующейся на управлении изменениями, имеющей филиалы в США и в 14 других странах.<br>В течение тридцати лет он был штатным преподавателем Школы менеджмента Андерсена при Калифорнийском университете в Лос-Анджелесе и работал в качестве приглашённого преподавателя в Стэнфордском и Колумбийском университетах, а также в Еврейском университете в Иерусалиме и Тель-Авивском университете. Доктор Адизес имеет степень Ph.D и MBA Колумбийского университета, Бакалавра гуманитарных наук из Еврейского университета в Иерусалиме.<br>В настоящее время он занимает пост директора Института Адизеса. Он также отмечен среди известных авторов и читает лекции в более чем 40 странах. Работы Адизеса были освещены в таких журналах, как &laquo;Fortune&raquo;, &laquo;New York Times&raquo;, &laquo;London Financial Times&raquo;, поддерживает тесные связи с инвесторами &laquo;Daily Nation&iacute;s Business&raquo; и &laquo;World Digest&raquo;.<br>Он является автором семи книг, переведённых на 22 языка. Его книга &laquo;Корпоративные процессы: как организации растут и умирают, и что с этим делать?&raquo; считается классическим пособием в теории управления, и была выбрана в качестве одного из 10 лучших бизнес-книг в &laquo;Library Journal&raquo;. По итогам рейтинга &laquo;100 лучших консультантов в сфере лидерства&raquo; издания &laquo;Executive Excellence&raquo; (2008&ndash;2009 г.) Адизес занимает 28-е место.<br>Метод Адизеса применяется по всему миру в компаниях с объёмом продаж от $2 млн. до $2 млрд. (&laquo;Кока-кола&raquo;, &laquo;Банк Америки&raquo;, &laquo;Volvo&raquo;, &laquo;Visa Group&raquo; и т. д.).</p><p>Цитаты:<br>&laquo;Если два человека согласны во всем, без одного из них можно обойтись.&raquo;<br>&laquo;Очень часто бездействие обходится дороже, чем действие. Это хорошо иллюстрирует фраза, которую можно услышать в Америке: &laquo;Если вам кажется, что образование стоит слишком дорого, подумайте, во что обойдется его отсутствие.&raquo;<br>&laquo;Скажу прямо: хорошим менеджером или лидером вас делают не знания, а то, что вы собой представляете.&raquo;<br>&laquo;Проще нанять ЧЕЛОВЕКА и дать ему знания, чем нанять того, кто обладает знаниями, и сделать из него ЧЕЛОВЕКА.&raquo;</p>	55657d48c7e2a.jpg
15	Лайкер	\N	Джеффри	<p>Джеффри К. Лайкер &ndash; профессор кафедры организации и инженерного обеспечения производства Мичиганского университета, один из создателей и руководитель программ Japan Technology Management Program и Lean Manufacturing and Product Development Certificate Program.<br>Доктор Лайкер возглавляет Optiprise, консультационную фирму, занимающуюся вопросами организации бережливых предприятий и управления цепочками поставок. Он является редактором книги Becoming Lean: Experiences of U.S. Manufacturer, которая в 1998 г. получила премию Сигео Синго за выдающиеся достижения в исследованиях производства.<br>Доктор Лайкер является автором и соавтором более 70 статей и разделов книг, а также 8 книг. Он автор международного бестселлера &laquo;Путь Тойоты: 14 принципов менеджмента от крупнейшего в мире производителя&raquo;, в котором сообщается о философии и принципах, которые привели &laquo;Тойоту&raquo; к высокому качеству и эффективности.<br>Книга под названием &laquo;Настольная книга: путь Тойоты&raquo;, написанная в соавторстве с Дэвидом Майером в 2005 году, дает подробности того, как другие компании могут поучиться у &laquo;Тойоты&raquo;. Книга Лайкера в соавторстве с Джимом Морганом &laquo;Система развития продуктов &laquo;Тойота&raquo;, изданная в 2006 году, была первой книгой, которая давала подробную информацию о развитии продукта &laquo;Тойоты&raquo;.<br>Джеффри Лайкер продолжает изучать и писать книги о &laquo;Тойоте&raquo; и практикуется как основной докладчик и консультант своей компании &laquo;Optiprise Inc.&raquo;. Среди его клиентов такие мировые бренды, как Hertz, Caterpillar, Harley Davidson, Fujitsu Technical Services.Доктор Лайкер &mdash; лауреат четырех премий Синго за выдающиеся достижения (Shingo Prize for Excellence), его материалы о Toyota публиковались в The Harvard Business Review, Sloan Management Review и других ведущих изданиях.</p><p>Цитаты:<br>&laquo;Люди пытаются подражать Toyota внешне, но не хотят заниматься куда более сложным и трудоемким делом &mdash; менять свое поведение, чтобы воспроизвести культуру Toyota и ее инфраструктуру.&raquo;<br>&laquo;Обучайся прежде всего на практике и лишь потом &mdash; занимайся теорией. Я не раз участвовал в развертывании кампаний по бережливому производству, и каждый раз кто-нибудь говорил: &laquo;Перед тем как мы приступим ко всем этим радикальным изменениям, нам нужно объяснить людям, что мы намерены делать с помощью учебных курсов&raquo;. В результате развертываются сложные учебные программы с презентациями в PowerPoint&trade;. Однако едва ли вам удастся найти с помощью PowerPoint&trade; собственный путь к бережливому производству. Дао Toyota понимается на практике. Я убежден, что на первых этапах преобразования не менее 80% должно приходиться на практическую деятельность и лишь 20% на теоретическую подготовку и инструктаж. Лучшим видом обучения является учеба, за которой немедленно следует применение на практике&hellip; или практическая работа, подкрепленная последующей теоретической подготовкой. При обучении людей в Toyota их помещают в трудные ситуации, вынуждающие их самим искать выход и решать проблемы.&raquo;</p>	55657d80023c8.jpg
13	Дон Эдвард	\N	Бек	<p><strong>Дон Эдвард Бек</strong>&nbsp;&ndash; доктор наук, соучредитель Национального центра ценностей (The National Values Center) в г. Дентон (Техас), президент и главный исполнительный директор международной организации &laquo;Спайрал Дайнэмикс Груп&raquo; (The Spiral Dynamics Group, Inc.), член Американской ассоциации психологов, общества &laquo;Мир будущего&raquo;, Международного проекта по палеопсихологии и Сообщества экспертов по вопросам этнополитического насилия Американской и Канадской ассоциаций психологов, Почетный член Института Джорджа Геллапа.</p><p>Дон Бек преподает эволюционную теорию Спиральной Динамики развития ценностей в течение последних 30 лет. Он развил теорию своего учителя Клера Грейвза и создал простую системную модель для понимания развития эволюционной трансформации человеческих ценностей и культур.</p><p>Бек применяет модель Спиральной Динамики для исследования глобальных системных изменений в различных секторах бизнеса и мировых сообществах.</p><p>Он автор многочисленных публикаций, в том числе книги: &laquo;Спиральная Динамика: Усиление Ценностей, Лидерства и Изменений&raquo;, написанной совместно с Кристофером Коэном в 1996.</p><p>Дон Бек в течение долгого времени консультирует различных политических деятелей и бизнесменов. Среди его клиентов Политический Департамент кабинета Премьер Министра Великобритании Тони Блера. Он консультировал Мировой Банк по вопросам взаимодействия с Афганистаном, муниципалитет г. Чикаго по вопросам улучшения системы среднего образовании и работы средних школ города. Среди его постоянных клиентов Советы Директоров различных банков, 5 американских авиакомпаний, правительственные департаменты, крупные промышленные предприятия.</p><p>Бек много занимался коучингом спортсменов и был командным психологом многих спортивных команд, в том числе &mdash; победителей мирового турнира по Регби в 1995. В настоящее время он также ведет колонку &laquo;Спортивные Ценности&raquo; в &laquo;Даллас Морнинг Ньюс&raquo;, а также часто выступает в средствах массовой информации, проясняя сложные случаи, касающиеся ценностей, спорта и расизма.</p><p>&nbsp;</p><p><strong>Цитаты:</strong></p><p>&laquo;Человеческая спираль состоит из закрученной нити взглядов на мир, каждый из которых является продуктом своего времени и условий жизни. Однако, когда возникает новый взгляд на мир, старые системы не исчезают. Они скорее остаются включенными в общий поток и не только добавляют богатство ощущений к более сложным способам жизни, но и остаются &laquo;у телефона&raquo; в случае, если вновь возникнут проблемы, которые пробудили их к жизни. Итак, внутри нас есть системы, миниатюрные взгляды на мир, каждый из которых соответствует разным проблемам существования. Каждый новый взгляд на мир родится из хаоса, нелинейным образом, так что здесь нет прямой стрелы времени назад в историю. Каждый взгляд на мир является платформой со свой уникальной парадигмой и кодами-инструкциями по организации общества. Подобно коду ДНК, уникальные адаптационные темы каждого уровня выражают себя в виде стилей жизни, экономических, политических, религиозных и образовательным систем, взглядов на секс, брак, работу, окружающую среду и спорт.&raquo;</p><p>&laquo;В нашей последней работе мы использовали технологию Грэйвза вместе с зарождающей наукой меметикой; мы отметили, что каждый из способов взгляда на мир является на самом деле ценностным МЕМОМ, кодирующим механизмом, который проникает во все аспекты общества. В работе Грэйвза были определены 8 способов взгляда на мир или МЕМОВ, и девятый зарождается на горизонте. При этом все ранее сложившиеся системы продолжают существовать. Эти психологические тектонические плиты глубинного уровня создают напряженность на поверхности, когда мы скачками развиваемся во времени.&raquo;</p><p>&laquo;Это ключевая идея. Разные общества, культуры и субкультуры, а также целые нации и народы находятся на разном уровне психосоциального развития, и это проявляется в этих эволюционных уровнях сложности. У них разные центры тяготения. Ранее возникшие уровни не исчезают. Скорее, они продолжают быть активными внутри этих наслоений взглядов на мир, воздействуя на природу и форму более сложных систем. Подобно матрешкам, системы существуют внутри систем.&raquo;</p>	55657dcab526d.jpg
34	Вячеслав	\N	Летуновский	<p><strong>Летуновский Вячеслав Владимирович</strong>&nbsp;&mdash; руководитель собственной Школы корпоративного тренинга, доцент государственной академии инноваций РФ, кандидат психологических наук, тренер-консультант, специалист по организационному консультированию, развитию, обучению и оценке персонала.</p><p>Основные направления работы: организационное консультирование и диагностика (функциональная диагностика, диагностика системы управления персоналом, построение системы обучения, построение системы оплаты труда и мотивации персонала, диагностика и формирование корпоративной культуры компании, построение системы оплаты труда и мотивации персонала, подготовка персонала к изменениям, управление эффективностью работы) и обучение (разработка и проведение тренингов и семинаров для специалистов служб персонала, HR-директоров и для руководителей компаний, подготовка бизнес-тренеров, проведение бизнес-тренингов в российской культурно-исторической традиции, разработка и проведение деловых игр).</p><p>Разработал собственные авторские программы по лидерству и руководству, управлению персоналом, тренерскому мастерству, продажам и работе с клиентами, личной эффективности.</p><p>В настоящее время занимается частной психологической практикой &ndash; индивидуальное консультирование и психотерапевтические группы, обучающие тренинги и семинары. Развивает новое направление &laquo;терапевтическое фехтование&raquo;.</p><p><strong>Цитаты:</strong></p><p>&laquo;Любовь подчиненных не дается свыше, она завоевывается постоянным к ним вниманием, честностью, смелостью, простой обращения, а также высокой требовательностью руководителя к себе.&raquo;</p><p>&laquo;Суворов мало заботился о сохранении военной тайны, знание врагом его планов, по сути дела ничего не меняло, он реализовывал их быстрее, чем те успевали хоть как-то среагировать.&raquo;</p>	55657a8b34d43.jpg
28	Сьюзан	\N	Уэйншенк	<p>Сьюзан Уэйшенк &mdash; доктор психологических наук, автор популярной книги &laquo;100 главных принципов дизайна&raquo;. За свою жизнь она провела сотни презентаций перед самой разнообразной публикой: скучающие студенты, настроенные против всех программисты, оторванные от любимой работы менеджеры и бухгалтеры, дизайнеры и арт-директоры и многие-многие другие. Но всех этих людей объединяет одно: через 10 секунд после начала презентации, они внимательно слушают Съюзан, хотя изначально шли на лекцию как на перерыв. Как именно ей удается заполучить 100% внимания слушателей, она рассказывает в своей книге &laquo;100 главных принципов презентации. Что должен знать оратор о людях&raquo;.<br>Обе книги Сьюзан Уэйншенк (&laquo;100 главных принципов презентации&raquo; и &laquo;100 главных принципов дизайна&raquo;) очень хорошо дополняют друг друга, потому что нельзя однозначно разделить понятие &laquo;дизайн&raquo; (не важно, чего) и понятие &laquo;восприятие&raquo; (а точнее, как человек воспринимает окружающий мир). Именно поэтому часть глав в обеих книгах дублируется, чтобы даже в одной книге было собрано максимально много полезной для читателя информации в интересующей его области: или как дизайнера, или как оратора.</p><p>Цитаты:<br>&laquo;Вы можете убедить людей видеть вещи определенным образом.&raquo;<br>&laquo;Человеческое восприятие зависит от уровня подготовки, знаний, степени знакомства с тем материалом, на который смотрит человек, и ментальных моделей человека.&raquo;</p>	55657b98d1aa0.jpg
25	Роджер	\N	Фишер	<p>Роджер Фишер &ndash; директор исследовательского проекта по переговорам в Гарвардском университете, читает курс о ведении переговоров в юридическом колледже Гарварда, консультирует правительство, крупные корпорации и частных лиц по вопросам разрешения конфликтов, сотрудничает с Conflict Management, Inc. сотрудничает с группой по разрешению конфликтов из Кембриджа. Во время Второй мировой войны служил в ВВС США, где был свидетелем многих &laquo;дорогостоящих&raquo; споров. Тогда Роджер заинтересовался искусством и наукой переговоров.<br>Фишер специализируется на переговорах и управлении конфликтами. Он является соавтором книги &laquo;Пути к согласию или переговоры без поражений&raquo;, классической книги о переговорах, основанных на взаимном интересе, а также автором множества других публикаций.<br>Роджер Фишер и его студенты из &laquo;The Harvard Negotiations Project&raquo;, основанного в 1979 году, начали проводить опросы людей, которые были известны как опытные переговорщики, с тем, чтобы понять, что делает их переговоры эффективными. Роджер начал свое исследование конфликта с вопроса: &laquo;Какой совет я могу дать обеим сторонам в споре, который будет полезным и приведет к улучшению результатов?&raquo; Эта работа привела его к проекту &laquo;Международное посредничество: рабочее руководство&raquo; (апрель 1978 года), и, в конечном счете, к международному бестселлеру &laquo;Пути к согласию или переговоры без поражений&raquo;.<br>На протяжении 1980-х и 1990-х годов Роджер Фишер и его коллеги преподавали курсы по вопросам ведения переговоров и управления конфликтами в Гарвардском Университете, а также работали в качестве консультантов в реальных переговорах и конфликтах по всему миру, в том числе в мирных процессах, дипломатических переговорах, а также коммерческих и правовых спорах.</p><p>Цитаты:<br>&laquo;Успешные переговоры требуют одновременно и твердости, и открытости.&raquo;<br>&laquo;Вы можете рассматривать выбор между победой и поражением &mdash; и никто не согласится на поражение.&raquo;<br>&laquo;Показывайте другой стороне, что вы атакуете проблему, а не участников переговоров.&raquo;</p>	55657c15e2eae.jpg
24	Радислав	\N	Гандапас	<p><strong>Радислав Гандапас&nbsp;</strong>(род. 17 июня 1967 г., Куйбышев) &mdash; ведущий российский бизнес-тренер и совладелец компании &laquo;Ораторика&raquo;, специализирующейся на тренингах о бизнесе, позволяющих преодолевать страхи и препятствия на пути к успешному ведению дел.</p><p>Среди клиентов &mdash; первые лица крупнейших компаний, лидеры политических партий, министры. Гандапас организовывал публичные события для Б. Гребенщикова, П. Глобы, Л. Кучмы и Г. Колля, а также для некоторых известных торговых марок, таких как Motorola, Doctor Theiss и Schick. Подготовил десятки уникальных корпоративных конференций и Road-Show.</p><p>Гандапас, являясь на данный момент самым титулованным тренером в сфере бизнеса в России и многократным лидером всевозможных тренерских рейтингов, дважды был награжден званием лучшего в профессии согласно результатам года. Не ограничиваясь одними тренингами, он написал шесть книг на тему ораторского мастерства, а именно: &laquo;Камасутра для оратора&raquo;, &laquo;101 совет по корпоративной конференции&raquo;, &laquo;Презентационный конструктор&raquo;, 101 совет оратору&raquo;, &laquo;Речи, которые изменили Россию&raquo; и &laquo;К выступлению готов!&raquo;. Также он является создателем трех фильмов: &laquo;Бизнес-презентация&raquo;, &laquo;Учимся выступать публично&raquo; и &laquo;Харизма лидера в бизнесе&raquo;.</p><p>Радислав непрерывно разрабатывает собственные оригинальные тренинги, в состав которых на данный момент входят: &laquo;Презентация &ndash; сенсация&raquo;, &laquo;Корпоративная идеология&raquo;, &laquo;Два крыла публичной речи&raquo;, &laquo;Власть убеждения. Мощь ораторского искусства&raquo;, &laquo;Харизма лидера в бизнесе. Имидж и мистика, психология и власть&raquo; и &laquo;Панн или пропал. Идеология лидера &ndash; идеология победы&raquo;.</p><p>&nbsp;</p><p><strong>Цитаты:</strong></p><p>&laquo;Первое правило для начинающего бизнеса &mdash; сначала бизнес, потом структура.&raquo;</p><p>&laquo;Энергия для достижения цели выделяется тогда, когда есть цель.&raquo;</p><p>&laquo;Лидер &mdash; это не тот, кто ведет за собой, это тот, кого никто в спину не толкает.&raquo;</p><p>&laquo;Страх прогореть в бизнесе пропадает после третьего раза.&raquo;</p>	55657c3af40cf.jpg
21	Кэрол	\N	Кинси Гоман	<p>Кэрол Кинси Гоман &ndash; доктор философии, тренер и международный спикер на бизнес-мероприятиях для лидеров корпораций, синдикатов и государственных учреждений. Ее клиентами являются более 100 организаций в 24 странах мира.<br>Язык тела всегда играл ключевую роль в профессиональной жизни Кэрол. До основания Kinsey Consulting Services, президентом которой она является, Кэрол имела частную врачебную практику, где чтение невербальных сигналов помогало ей и ее клиентам вносить быстрые и глубокие изменения в поведение. Как тренер Кэрол помогает лидерам строить эффективные деловые отношения с помощью вербальной и невербальной коммуникации, завоевывая доверие и авторитет.<br>Кэрол имеет обширный опыт в организационной психологии. Она опубликовала 11 книг и более 300 статей в области организационных изменений, лидерства, коммуникации, сотрудничества и вовлечения сотрудников. Кэрол часто появляется на телевидении, включая NPR, Business CNN, АВС и NBC Nightly News. Она ведет колонку об управлении человеческими ресурсами в The Washington Post и является ведущим блогером Forbes.</p><p>Цитаты:<br>&laquo;Лидерство имеет под собой гораздо большую биологическую основу, чем мы предполагали.&raquo;</p>	55657c9d9d043.jpeg
20	Игорь	\N	Родченко	<p>Игорь Родченко &ndash; тренер по публичным выступлениям с более чем двадцатилетним опытом работы, автор метода обучения речевому мастерству &laquo;Хозяин слова&raquo; и одноименной книги, владелец первой в России речевой тренинговой компании, доцент, заведующий кафедрой в СПбГУКИ, кандидат культурологии, преподаватель Стокгольмской Школы Экономики.<br>В конце 1990-х работал на открытых коммерческих курсах &ndash; учил ораторскому искусству школьников, домохозяек, продавцов, журналистов. Свой первый авторский тренинг для бизнес-аудитории провел в 2002 году. Спустя год создал речевую тренинговую компанию (IGRO). Преподавал в Стокгольмской Школе Экономики, MoscowBusinessSchool. Как тренер и консультант обучал руководителей и сотрудников десятков российских и международных компаний. Сегодня руководит компанией, выступает как спикер на конференциях, ежемесячно проводит тренинги в разных городах и странах, работает консультантом.</p><p>Цитаты:<br>&laquo;Не зря Демосфена тренировал именно актер. Я не знаю, что может быть полезнее оратору, чем приемы и планы тренировок, выработанные в практике театра за последние столетия&raquo;.<br>&laquo;Каждый из нас ежедневно выступает публично по нескольку раз&raquo;.<br>&laquo;Наш голос может и должен выполнять эти задачи, но не всегда выполняет. Почему? Есть три основные причины: напряжение, небрежность, монотонность&raquo;.<br>&laquo;Причина нашего страха (перед выступлением) в зависимости&hellip; Чем больше дистанция между тем, кто мы есть, и тем, какими нам хотелось бы быть, тем больше страх&raquo;.</p>	55657ccf9458e.jpg
18	Рикардо	\N	Семлер	<p>Рикардо Семлер &ndash; миллионер, успешнейший топ-менеджер фирмы Semco и подлинный анархист от управления. В своей компании он полностью отказался от традиционной организационной структуры, регулярных бизнес-планов и формальных должностей. Президент бразильской корпорации и автор ряда бестселлеров Рикардо Семлер сделал свой насосный завод моделью того, как управлять предприятием с участием работников, и обеспечил двузначный рост финансовых показателей компании в течение 14 лет подряд. При Сэмлере прибыль компании выросла с $4 млн в 1982 до $212 млн в 2003 году (ежегодный рост составлял 27-40%).<br>Инновационная политика менеджмента Семлера привлекла интерес специалистов со всего мира. Журнал TIME включил его в рейтинг 100 молодых лидеров в 1994 году. The Wall Street Journal назвал его бизнесменом года в 1990, а также он был назван бразильским бизнесменом года в 1990 и 1992 годах. World Economic Forum назвал его одним из Глобальных Лидеров Завтрашнего Дня. Комитет CIO Magazine в лице Тома Питерса, Джима Чампи и Майкла Хаммера выбрали Semco как компанию, подвергшуюся наиболее успешному реинжинирингу в мире.<br>Сегодня Рикардо Семлер свел свое участие в делах компании к минимуму, ведь в его присутствии больше нет острой необходимости. Он может спокойно уделять время другим интересным занятиям. Например, писать книги. Первая из них &laquo;Turning Your Own Table&raquo; стала наиболее продаваемой нехудожественной книгой в Бразилии. Ее английская версия &laquo;Маверик&raquo; вышла в 1993 году, а в 2003 году появилась и вторая &mdash; &laquo;Выходные всю неделю&raquo;. Помимо написания книг он является частым гостем в ведущих бизнес-школах мира, где щедро делится накопленным опытом.</p><p>Цитаты:<br>&laquo;Участие в прибыли не порождает вовлечение сотрудника, оно требует этого&raquo;</p>	55657d2ab91d2.jpg
11	Рене	\N	Моборн	<p>Рене Моборн &ndash; профессор стратегии в INSEAD, директор Института стратегии голубого океана INSEAD, заняла второе место в списке Thinkers50 в 2011 г. (единственная женщина, поднявшаяся в этом списке так высоко).<br>Член совета директоров при президенте США Бараке Обаме по колледжам и университетам с исторически сложившимся чёрным контингентом студентов. Член Всемирного экономического форума.<br>Моборн опубликовала множество статей по стратегии и менеджменту в The Academy of Management Journal, Management Science, Organization Science, Strategic Management Journal, Administrative Science Quarterly, Journal of International Business Studies, Harvard Business Review, Sloan Management Review и других. Она также опубликовала множество статей в The Wall Street Journal, The Wall Street Journal Europe, The New York Times и The Financial Times.<br>Моборн &ndash; соавтор книги &laquo;Стратегия голубого океана. Как найти или создать рынок свободный от конкуренции&raquo;, которая была переведена на 43 языка и продана в более чем 3,5 млн экземплярах.<br>В 2014 году Моборн получила Carl S. Sloane Award for Excellence от ассоциации консалтинговых фирм по менеджменту за вклад в индустрию мирового консалтинга.</p><p>Цитаты:<br>&laquo;Инновация ценности требует, чтобы компании ориентировали всю систему на достижение скачка ценности для покупателей и для себя самих.&raquo;<br>&laquo;Снижение издержек происходит за счет упразднения и снижения факторов, по которым идет конкуренция в конкретной отрасли. Ценность для покупателя возрастает благодаря созданию и развитию элементов, которые эта отрасль ранее никогда не предлагала. Со временем издержки становятся еще меньше за счет эффекта масштаба производства вследствие больших объемов продаж, генерируемых идеальной ценностью.&raquo;</p>	55657df62c9da.jpg
10	Ким	\N	Чан	<p><strong>Чан Ким</strong>&nbsp;&mdash; соавтор книги &laquo;Стратегия голубого океана&raquo;, профессор, руководитель кафедры стратегического менеджмента бизнес-школы Insead (Франция), а также содиректор Института Стратегии Голубого Океана при Insead, советник Европейского Союза, Малайзии и член Мирового экономического форума в Давосе. Входит в пятерку &laquo;лучших мыслителей мира&raquo;. Печатался в самых рейтинговых изданиях мира, посвященных менеджменту. Его книга &laquo;Стратегия голубого океана&raquo; была переведена на 42 языка и разошлась миллионным тиражом.</p><p>До прихода в Insead, Чан Ким был профессором бизнес школы при Мичиганском Университете. Он работал в качестве члена совета директоров, а также советником ряда транснациональных корпораций в Европе, США и Азиатско-Тихоокеанского региона.</p><p>Чан Ким является автором многочисленных статей по стратегии и управлению мультинациональными корпорациями, которые можно найти в: cademy of Management Journal, Management Science, Organization Science, Strategic Management Journal, Administrative Science Quarterly, Journal of International Business Studies, Harvard Business Review, Sloan Management Review и ряде других. Journal of International Management признает профессора Кима одним из самых влиятельных академических авторов в мире по теме глобальной стратегии.</p><p>Ким получил Nobels Colloquia Prize за Лидерство в Бизнес и Экономическом мышлении 2008 года и является лауреатом Eldridge Haynes Prize за лучший оригинальный документ в области международного бизнеса. После того как профессор Ким побывал в первой пятерке самых влиятельных бизнес-мыслителей 2009 года, он занял 2 место в рейтинге ведущих гуру в мире управления Thinkers50. В 2011 году он также получил премию Thinkers50 премию за свои исследования в области Стратегии Голубого Океана.</p><p><strong>Цитаты:</strong></p><p>&laquo;Ключ к победе над противниками, или бесами, &mdash; знать все вероятные направления атаки и уметь выстраивать контраргументы, подкрепленные неопровержимыми данными и логикой.&raquo;</p>	55657e16a01e6.jpg
7	Клаус	\N	Кобьелл	<p>Клаус Кобьелл (Klaus Kobjoll) &ndash; немецкий отельер и ресторатор, а также автор многих книг по маркетингу, повышению эффективности продаж и мотивации персонала. Родился он в 1948 году в Бамберге (ФРГ). Получил образование в сфере гостиничного бизнеса, закончив школы в Германии и Франции.<br>В 1970 году он открыл первую блинную в Германии. Блинная была небольшая, всего на 27 посадочных мест, однако она сразу же стала пользоваться популярностью у немцев. Затем последовали открытия все новых объектов в области популярной гастрономии. В период с 1970 по 1980е годы он открыл такие заведения, как французское бистро Caf&eacute; des Arts, джаз-кафе Strohal, в котором звучала живая музыка, и ресторан в Нюрнберге под названием Prison St. Michel. В 1978 году он открыл свой первый небольшой отель Landhotel M&ouml;rsbergei, насчитывавший 19 номеров, с прилегавшим к нему рестораном на 80 посадочных мест. Однако самым удачным &laquo;открытием&raquo; Кобьелла считается отель Landhotel Schindlerhof, который был основан в 1984 году в местечке неподалеку от Нюрнберга. Этот отель стал двенадцатым бизнес-проектом Кобьелла и первым проектом, в котором он выступал в роли полного собственника. За последние двадцать лет этот отель получил огромное количество наград разного значения и был включен в сотню самых успешных предприятий Европы.<br>Кобьелл по праву считается символом успешного частного предпринимательства Германии. Он проводит различные консультации, а также участвует в семинарах и тренингах по таким темам, как &laquo;Маркетинг&raquo;, &laquo;Менеджмент&raquo; и &laquo;Успешная гастрономия&raquo;. К тому же Клаус является автором таких книг, как &laquo;Виртуозный маркетинг&raquo; (2004), &laquo;Без риска нет кайфа. Путь к собственному бизнесу&raquo; (2005), &laquo;Искренний сервис&raquo; (2008) и &laquo;Мотивация в стиле ЭКШН. Восторг заразителен&raquo; (2011).</p><p>Цитаты:<br>&laquo;Предприятие удовлетворяет потребности клиентов, а прибыль &ndash; это своего рода побочный продукт, выработку которого невозможно предотвратить.&raquo;<br>&laquo;Внутренняя заинтересованность каждого сотрудника &ndash; ключ к высокой производительности предприятия.&raquo;</p>	55657e56da906.jpg
5	Рей	\N	Иммельман	<p>Рэймонд Иммельман (Raimond E. Immelman) &ndash; международный консультант по управлению.<br>Автор бизнес-романа &laquo;Boss: бесподобный или бесполезный&raquo;, в котором герой создает процветающую компанию, используя глубинные отношения между людьми и традиции, возникшие еще в доисторическую эпоху.<br>Проработав консультантом в более чем ста компаниях Рэймонд Иммельман пришел к выводу, что ценности и отношение лидера являются наиболее важными факторами в успехе предприятия. Проанализировав динамику взаимодействия между лидерами и подчиненными сформулировал основные положения своей книги. Автору удалось на примере ситуаций, с которыми сталкиваются многие менеджеры в своей ежедневной работе, описать новый подход к созданию команды.</p><p>Цитаты:<br>&laquo;Когда ты создашь свое племя, ты станешь выдающимся руководителем.&raquo;<br>&laquo;Нельзя специально придумать мотивацию для рабочих. Она появляется сама, когда человек осознает свою принадлежность к сильному племени, именно это повышает его самооценку.&raquo;</p>	55657e8986fa3.jpg
4	Патрик	\N	Ленсиони	<p><strong>Патрик Ленсиони&nbsp;</strong>&ndash; основатель и президент The Table Group, консалтинговой компании по вопросам управления, специализирующейся на развитии команд руководителей и жизнеспособности организаций. В качестве советника он работал с тысячами руководителей высшего звена в организациях всех уровней: и в крупнейших компаниях, и в начинающих компаниях, а также в университетах и общественных организациях.</p><p>Среди клиентов Патрика Ленсиони New York Life, Microsoft, Visa, FedEx. Является автором шести книг, получивших мировое признание, в т.ч. &laquo;Cмерть от совещаний&raquo;, &laquo;Четыре мании выдающегося руководителя&raquo; и &laquo;Пять искушений руководителя&raquo;, написанных в жанре бизнес- фикшн.</p><p>Кроме того, Патрик работает персональным коучером и читает публичные лекции на темы лидерства, командной работы, менеджмента и организационного развития. В настоящее время он входит в состав Национального совета директоров Make-A-Wish Foundation of America.</p><p><strong>Цитаты:</strong></p><p>&laquo;Чтобы отслеживать свою эффективность, команда должна знать свои цели, показатели деятельности и конечный результат.&raquo;</p><p>&laquo;Иногда сильные лидеры создают, сами того не замечая, вакуум ответственности внутри команды, выступая единственными борцами за дисциплину. В такой ситуации члены команды самоустраняются от борьбы.&raquo;</p><p>&laquo;Хороший способ сделать членов команды более требовательными друг к другу &ndash; это поставить перед командой ясные цели, четко распределить обязанности и установить стандарты поведения каждого работника.&raquo;</p>	55657ea764ef7.jpg
39	Дэниел	\N	Гоулман	\N	\N
42	Николас	\N	Талеб	\N	\N
\.


--
-- Data for Name: books_writers; Type: TABLE DATA; Schema: public; Owner: web
--

COPY books_writers (book_id, writer_id) FROM stdin;
4	4
5	5
6	6
7	7
8	8
9	9
10	24
11	12
12	10
12	11
13	7
14	36
16	13
16	14
17	15
18	16
19	16
20	17
21	17
22	18
23	19
24	20
25	21
26	22
27	23
28	24
29	25
29	26
30	27
31	28
32	29
33	30
34	31
35	27
36	32
37	33
38	29
39	7
40	34
41	37
42	38
43	35
44	39
49	42
\.


--
-- Name: categories_id_seq; Type: SEQUENCE SET; Schema: public; Owner: web
--

SELECT pg_catalog.setval('categories_id_seq', 37, true);


--
-- Data for Name: users; Type: TABLE DATA; Schema: public; Owner: web
--

COPY users (id, username, username_canonical, email, email_canonical, enabled, salt, password, last_login, locked, expired, expires_at, confirmation_token, password_requested_at, roles, credentials_expired, credentials_expire_at, facebook_id, facebook_access_token, vkontakte_id, vkontakte_access_token, avatar, phone, firstname, lastname, middlename, created, updated) FROM stdin;
6	tibilius@yandex.ru	tibilius@yandex.ru	tibilius@yandex.ru	tibilius@yandex.ru	t	8y67xsxof38k4s0o80k0ws4o8s0c8k8	2382201	2015-05-22 15:53:49	f	f	\N	\N	\N	a:1:{i:0;s:11:"ROLE_READER";}	f	\N	\N	\N	2382201	4e8bc25cef344d6e673ef47ffcce25080fbc04920c6f73e7926c6f1c8299e0bd5f0ea5d83186941c7738e	\N	\N	Станислав	Тибилиус	Валерьевич	2015-06-04 08:53:37	2015-06-04 08:53:37
35	test@test.com	test@test.com	test@test.com	test@test.com	f	svlin3gwz9c0os80swsgcg0wwg0kssg	d2HEDqbpvVPPrXPgQ5jq6DmW71M=	\N	f	f	\N	\N	\N	a:1:{i:0;s:11:"ROLE_READER";}	f	\N	\N	\N	\N	\N	\N	\N	test	test	test	2015-06-11 10:12:01	2015-06-11 10:12:01
38	polun@mail.ru	polun@mail.ru	polun@mail.ru	polun@mail.ru	f	slzyvnxwx1cwgo4scgcwcwgokkco4s0	aPzdruOzQNYNQAAMfapha8zrYGQ=	\N	f	f	\N	\N	\N	a:1:{i:0;s:16:"ROLE_SUPER_ADMIN";}	f	\N	\N	\N	\N	\N	\N	\N	Сергей	Полуновский	Борисович	2015-06-11 12:16:22	2015-06-11 12:16:22
37	george.b@mail.ru	george.b@mail.ru	george.b@mail.ru	george.b@mail.ru	t	9n5par48m70gc0woskw08ow04gkck0s	AtJS84oqAngY3JCaCt2c1ZeWQso=	\N	f	f	\N	\N	\N	a:1:{i:0;s:10:"ROLE_GUEST";}	f	\N	\N	\N	\N	\N	\N	\N	Роман	Абрамович	Аркадьевич	2015-06-11 10:16:02	2015-06-11 13:23:32
36	test@test.ru	test@test.ru	test@test.ru	test@test.ru	t	cjl2vb9qyoocg804wk400c84wgokksc	3Zs4jSjDCSQvF+cb1rjTQKX0xq4=	\N	f	f	\N	\N	\N	a:1:{i:0;s:16:"ROLE_SUPER_ADMIN";}	f	\N	\N	\N	\N	\N	\N	\N	test	test	test	2015-06-11 10:12:51	2015-06-11 16:47:23
40	logunovsi@gmail.com	logunovsi@gmail.com	logunovsi@gmail.com	logunovsi@gmail.com	f	o3r31hbvpi8k840k4g0oo848s40s0co	nSJjoGjhQgaFgfCY5zPm5SYAJxI=	\N	f	f	\N	\N	\N	a:1:{i:0;s:16:"ROLE_SUPER_ADMIN";}	f	\N	\N	\N	\N	\N	\N	\N	Станислав	Логунов	Игоревич	2015-06-11 16:51:37	2015-06-11 16:51:37
10	georgebakh@icloud.com	georgebakh@icloud.com	georgebakh@icloud.com	georgebakh@icloud.com	t	inmymjcrg2ogsosccw8k0w0kw4ss80k	GrH/yXtNLVxVf51MIxr6ckcIdTU=	\N	f	f	\N	\N	\N	a:1:{i:0;s:16:"ROLE_SUPER_ADMIN";}	f	\N	\N	\N	\N	\N	557169b6d43f1.jpg	\N	Георгий	Бахтадзе	Константинович	2015-06-04 08:53:37	2015-06-11 00:00:56
19	yurov@gmail.com	yurov@gmail.com	yurov@gmail.com	yurov@gmail.com	f	kvuf008nxhwoosg4owwcccs488844gs	Y4TNP1clq+G/MsJ68fuQKwtzkqs=	\N	f	f	\N	\N	\N	a:1:{i:0;s:16:"ROLE_SUPER_ADMIN";}	f	\N	\N	\N	\N	\N	\N	\N	Дмитрий	Юров	Евгеньевич	2015-06-10 22:20:11	2015-06-11 09:30:49
39	cron@live.ru	cron@live.ru	cron@live.ru	cron@live.ru	t	nafmglwh2ysgkws08ggksw8ogg00k48	qAQAx67iEPKqDeNH0XRhllj02K8=	\N	f	f	\N	\N	\N	a:1:{i:0;s:10:"ROLE_GUEST";}	f	\N	\N	\N	\N	\N	557992d763db6.jpg	\N	Cron	\N	\N	2015-06-11 16:48:24	2015-06-11 16:53:27
\.


--
-- Data for Name: comment; Type: TABLE DATA; Schema: public; Owner: web
--

COPY comment (id, thread_id, author_id, body, ancestors, depth, created_at, state) FROM stdin;
28	10	10	Отличная книга		0	2015-06-11 12:26:12	0
30	12	40	hjkghghl ghkhg		0	2015-06-11 17:10:51	0
\.


--
-- Name: comment_id_seq; Type: SEQUENCE SET; Schema: public; Owner: web
--

SELECT pg_catalog.setval('comment_id_seq', 30, true);


--
-- Data for Name: migration_versions; Type: TABLE DATA; Schema: public; Owner: web
--

COPY migration_versions (version) FROM stdin;
20150520052258
20150524144832
20150526232338
20150527150209
20150527171417
20150601194150
20150604105223
20150609150149
20150610225418
\.


--
-- Name: rating_id_seq; Type: SEQUENCE SET; Schema: public; Owner: web
--

SELECT pg_catalog.setval('rating_id_seq', 36, true);


--
-- Data for Name: readlists; Type: TABLE DATA; Schema: public; Owner: web
--

COPY readlists (id, user_id, name, color, type) FROM stdin;
63	19	Hello World	primary	usual
68	35	В чтении	info	in_read
20	6	В чтении	info	in_read
21	6	Прочитано	success	readed
22	6	Приостановлено	warning	paused
69	35	Прочитано	success	readed
70	35	Приостановлено	warning	paused
71	36	В чтении	info	in_read
72	36	Прочитано	success	readed
73	36	Приостановлено	warning	paused
74	37	В чтении	info	in_read
75	37	Прочитано	success	readed
76	37	Приостановлено	warning	paused
77	37	В самолете	danger	usual
79	10	Ван	colorite	usual
80	10	Ту	pink	usual
81	10	Мой список	mint	usual
82	38	В чтении	info	in_read
83	38	Прочитано	success	readed
84	38	Приостановлено	warning	paused
85	39	В чтении	info	in_read
86	39	Прочитано	success	readed
87	39	Приостановлено	warning	paused
88	40	В чтении	info	in_read
89	40	Прочитано	success	readed
90	40	Приостановлено	warning	paused
91	40	Все книги	mint	usual
40	10	В чтении	000000	in_read
41	10	Прочитано	000000	readed
42	10	Приостановлено	000000	paused
60	19	В чтении	info	in_read
61	19	Прочитано	success	readed
62	19	Приостановлено	warning	paused
\.


--
-- Data for Name: readlists_books; Type: TABLE DATA; Schema: public; Owner: web
--

COPY readlists_books (book_id, readlist_id, fact, plan, id, "position") FROM stdin;
38	79	\N	\N	364	0
44	80	\N	\N	342	0
38	80	\N	\N	366	2
21	63	\N	\N	367	0
38	81	\N	\N	365	0
41	81	\N	\N	326	1
39	81	\N	\N	327	2
22	75	\N	\N	312	0
28	75	\N	\N	311	1
44	41	\N	\N	329	0
38	42	\N	\N	331	0
42	42	\N	\N	330	1
43	41	\N	\N	332	1
41	42	\N	\N	333	2
\.


--
-- Name: readlists_books_id_seq; Type: SEQUENCE SET; Schema: public; Owner: web
--

SELECT pg_catalog.setval('readlists_books_id_seq', 367, true);


--
-- Name: readlists_id_seq; Type: SEQUENCE SET; Schema: public; Owner: web
--

SELECT pg_catalog.setval('readlists_id_seq', 91, true);


--
-- Data for Name: reviews; Type: TABLE DATA; Schema: public; Owner: web
--

COPY reviews (id, book_id, author_id, thread_id, text, title, created, rating_id) FROM stdin;
21	\N	19	\N	<p><b>Жирный текст</b></p>	Проверка	2015-06-11 11:30:23	\N
22	\N	19	\N	<p>Разок</p>	Еще	2015-06-11 11:31:46	\N
23	\N	19	\N	<p>test</p>	test	2015-06-11 11:32:29	\N
24	\N	10	\N	<p>Сегодня мы поговорим о дне земли. Итак, что же такое дно земли и как туда добраться?</p><p><img class="fr-fin fr-dib" alt="Image title" src="http://i.froala.com/download/db925cce63bf1b63077094d094c1b966fee5a391.jpeg?1434012293" width="300"></p><p><br></p>	Привет мир!	2015-06-11 11:44:56	\N
25	\N	10	10	<p align="justify">В одной из отдаленных улиц Москвы, в сером доме с белыми колоннами, антресолъю и покривившимся балконом, жила некогда барыня, вдова, окруженная многочисленною дворней. Сыновья ее служили в Петербурге, дочери вышли замуж; она выезжала редко и уединенно доживала последние годы своей скупой и скучающей старости. День ее, нерадостный и ненастный, давно прошел; но и вечер ее был чернее ночи.</p><p align="justify">Из числа всей ее челяди самым замечательный лицом был дворник Герасим, мужчина двенадцати вершков роста, сложенный богатырем и глухонемой от рожденья. Барыня взяла его из деревни, где он жил один, в небольшой избушке, отдельно от братьев, и считался едва ли не самым исправным тягловым мужиком. Одаренный необычайной силой, он работал за четверых - дело спорилось в его руках, и весело было смотреть на него, когда он либо пахал и налегая огромными ладонями на соху, казалось, один, без помощи лошаденки, взрезывал упругую грудь земли, либо о Петров день так сокрушительно действовал косой, что хоть бы молодой березовый лесок смахивать с корней долой, либо проворно и безостановочно молотил трехаршинным цепом, и как рычаг опускались и поднимались продолговатые и твердые мышцы его плечей. Постоянное безмолвие придавало торжественную важность его неистомной работе. Славный он был мужик, и не будь его несчастье, всякая девка охотно пошла бы за него ему сапоги, сшили кафтан на лето, на зиму тулуп, дали ему в руки метлу и лопату и определили его дворником.</p><p align="justify">Крепко не полюбилось ему сначала его новое житье. С детства привык он к полевым работам, к деревенскому быту. Отчужденный несчастьем своим от сообщества людей, он вырос немой и могучий, как дерево растет на плодородной земле... Переселенный в город, он не понимал, что с ним такое деется, - скучал и недоумевал, как недоумевает молодой, здоровый бык, которого только что взяли с нивы, где сочная трава росла ему по брюхо, - взяли, поставили на вагон железной дороги - и вот, обдавая его тучное тело то дымом с искрами, то волнистым паром, мчат его теперь, мчат со стуком и визгом, а куда мчат - бог весть! Занятия Герасима по новой его должности казались ему шуткой после тяжких крестьянских работ; в полчаса всё у него было готово, и он опять то останавливался посреди двора и глядел, разинув рот, на всех проходящих, как бы желая добиться от них решения загадочного своего положения, то вдруг уходил куда-нибудь в уголок и, далеко швырнув метлу и лопату, бросался на землю лицом и целые часы лежал на груди неподвижно, как пойманный зверь. Но ко всему привыкает человек, и Герасим привык наконец к городскому житью. Дела у него было немного; вся обязанность его состояла в том, чтобы двор содержать в чистоте, два раза в день привезти бочку с водой, натаскать и наколоть дров для кухни и дома, да чужих не пускать и по ночам караулить. И надо сказать, усердно исполнял он свою обязанность: на дворе у него никогда ни щепок не валялось, ни сору; застрянет ли в грязную пору где-нибудь с бочкой отданная под его начальство разбитая кляча-водовозка, он только двинет плечом - и не только телегу, самое лошадь спихнет с места; дрова ли примется он колоть, топор так и звенит у него, как стекло, и летят во все стороны осколки поленья; а что насчет чужих, так после того, как он однажды ночью, поймав двух воров, стукнул их друг о дружку лбами, да так стукнул, что хоть в полицию их потом не води, все в околотке очень стали уважать его; даже днем проходившие, вовсе уже не мошенники, а просто незнакомые люди при виде грозного дворника отмахивались и кричали на него, как будто он мог слышать их крики. Со всей остальной челядью Герасим находился в отношениях не то чтобы приятельских - они его побаивались, - а коротких: он считал их за своих. Они с ним объяснялись знаками, и он их понимал, в точности исполнял все приказания, но права свои тоже знал и уже никто не смел садиться на его место в застолице. Вообще Герасим был нрава строгого и серьезного, любил во всем порядок; даже петухи при нем не смели драться, - а то беда! Увидит, тотчас схватит за ноги, повертит раз десять на воздухе колесом и бросит врозь. На дворе у барыни водились тоже гуси; но гусь, известно, птица важная и рассудительная; Герасим чувствовал к ним уважение, ходил за ними и кормил их; он сам смахивал на степенного гусака. Ему отвели над кухней каморку; он устроил ее себе сам, по своему вкусу, соорудил в ней кровать из дубовых досок на четырех чурбанах, - истинно богатырскую кровать; сто пудов можно было положить на нее - не погнулась бы; под кроватью находился дюжий сундук; в уголку стоял столик такого же крепкого свойства, а возле столика - стул на трех ножках, да такой прочный и приземистый, что сам Грасим, бывало, поднимет его, уронит и ухмыльнется. Каморка запиралась на замок, напоминавший своим видом калач, только черный; ключ от этого замка Герасим всегда носил с собой на пояске. Он не любил, чтобы к нему ходили.</p><p align="justify">Так прошел год, по окончании которого с Герасимом случилось небольшое происшествие.</p><p align="justify">Старая барыня, у которой он жил в дворниках, во всем следовала древним обычаям и прислугу держала многочисленную; в доме у ней находились не только прачки, швеи, столяры, портные и портнихи, - был даже один шорник, он же считался ветеринарным врачом и лекарем для людей, был домашний лекарь для госпожи, был, наконец, один башмачник, по имени Капитон Климов, пьяница горький. Климов почитал себя существом обиженным и не оцененным по достоинству, человеком образованным и столичным, которому не в Москве бы жить, без дела, в каком-то захолустье, и если пил, как он сам выражался с расстановкой и стуча себя в грудь, то пил уже именно с горя. Вот зашла однажды о нем речь у барыни с ее главным дворецким, Гаврилой, человеком, которому, судя по одним его желтым глазкам и утиному носу, сама судьба, казалось, определила быть начальствующим лицом. Барыня сожалела об испорченной нравственности Капитона, которого накануне только что отыскали где-то на улице.</p><p align="justify">- А что, Гаврила, - заговорила вдруг она, - не женит ли нам его, как ты думаешь? Может, он остепенится.</p><p align="justify">- Отчего же не женить-с! Можно-с, - ответил Гаврила, - и очень даже будет хорошо-с.</p><p align="justify">- Да; только кто за него пойдет?</p><p align="justify">- Конечно-с. А впрочем, как вам будет угодно-с. Всё же он, так сказать, на что-нибудь может быть потребен; из десятка его не выкинешь.</p><p align="justify">- Кажется, ему Татьяна нравится?</p><p align="justify">Гаврила хотел было что-то возразить, да сжал губы.</p><p align="justify">- Да!... пусть посватает Татьяну, - решила барыня, с удовольствием понюхивая табачок, - слышишь?</p><p align="justify">- Слушаю-с, - произнес Гаврила и удалился.</p><p align="justify">Возвратясь в свою комнату (она находилась во флигеле и была ночти вся загромождена коваными сундуками), Гаврила сперва выслал вон свою жену, а потом подсел к окну и задумался. Неожиданное распоряжение барыни его, видимо, озадачило. Наконец он встал и велел кликнуть Капитона. Капитон явился... Но прежде чем мы передадим читателям их разговор, считаем нелишним рассказать в немногих словах, кто была эта Татьяна, на которой приходилось Капитону жениться, и почему повеление барыни смутило дворецкого.</p><p align="justify">Татьяна, состоявшая, как мы сказали выше, в должности прачки (впрочем, ей, как искусной и ученой прачке, поручалось одно тонкое белье), была женщина лет двадцати осьми, маленькая, худая, белокурая, с родинками на левой щеке. Родинки на левой щеке почитаются на Руси худой приметой - предвещанием несчастной жизни... Татьяна не могла похвалиться своей участью. С ранней молодости ее держали в черном теле; работала она за двоих, а ласки никакой никогда не видала; одевали ее плохо, жалованье она получала самое маленькое; родни у ней всё равно что не было: один какой-то старый ключник, оставленный за негодностью в деревне, доводился ей дядей, да другие дядья у ней в мужиках состояли, - вот и всё. Когда-то она слыла красавицей, но красота с нее очень скоро соскочила. Нрава она была весьма смирного, или, лучше сказать, запуганного, к самой себе она чувствовала полное равнодушие, других боялась смертельно; думала только о том, как бы работу к сроку кончить, никогда ни с кем не говорила и трепетала при одном имени барыни, хотя та ее почти в глаза не знала. Когда Герасима привезли из деревни, она чуть не обмерла от ужаса при виде его громадной фигуры, всячески старалась не встречаться с ним, даже жмурилась, бывало, когда ей случалось пробегать мимо него, спеша из дома в прачечную. Герасим сперва не обращал на нее особенного внимания, потом стал посмеиваться, когда она ему попадалась, потом и заглядываться на нее начал, наконец и вовсе глаз с нее не спускал. Полюбилась она ему; кротким ли выражением лица, робостью ли движений - бог его знает! Вот однажды пробиралась она по двору, осторожно поднимая на растопыренных пальцах накрахмаленную барынину кофту... кто-то вдруг сильно схватил ее за локоть; она обернулась и так и вскрикнула: за ней стоял Герасим. Глупо смеясь и ласково мыча, протягивал он ей пряничного петушка, с сусальным золотом на хвосте и крыльях. Она было хотела отказаться, но он насильно впихнул его ей прямо в руку, покачал головой, пошел прочь и, обернувшись, еще раз промычал ей что-то очень дружелюбное. С того дня он уж ей не давал покоя: куда, бывало, она ни пойдет, он уж тут как тут, идет ей навстречу, улыбается, мычит, махает руками, ленту вдруг вытащит из-за пазухи и всучит ей, метлой перед ней пыль расчистит. Бедная девка просто не знала, как ей быть и что делать. Скоро весь дом узнал о проделках немого дворника; насмешки, прибауточки, колкие словечки посыпались на Татьяну. Над Герасимом, однако, глумиться не все решались; он шуток не любил; да и ее при нем оставляли в покое. Рада не рада, а попала девка под его покровительство. Как все глухонемые, он очень был догадлив и очень хорошо понимал, когда над ним или над ней смеялись. Однажды за обедом кастелянша, начальница Татьяны, принялась ее, как говорится, шпынять и до того ее довела, что та, бедная, не знала куда глаза деть и чуть не плакала с досады. Герасим вдруг приподнялся, протянул свою огромную ручищу, наложил ее на голову кастелянши и с такой угрюмой свирепостью посмотрел ей в лицо, что та так и пригнулась к столу. Все умолкли. Герасим снова взялся за ложку и продолжал хлебать щи. &quot;Вишь, глухой чёрт, леший!&quot; - пробормотали все вполголоса, а кастелянша встала да ушла в девичью. А то в другой раз, заметив, что Капитон, тот самый Капитон, о котором сейчас шла речь, как-то слишком любезно раскалякался с Татьяной, Герасим подозвал его к себе пальцем, отвел в каретный сарай да, ухватив за конец стоявшее в углу дышло, слегка, но многозначительно погрозил ему им. С тех пор уж никто не заговаривал с Татьяной. И всё это ему сходило с рук. Правда, кастелянша, как только прибежала в девичью, тотчас упала в обморок и вообще так искусно действовала, что в тот же день довела до сведения барыни грубый поступок Герасима; но причудливая старуха только рассмеялась, несколько раз, к крайнему оскорблению кастелянши, заставила ее повторить, как, дескать, он принагнул тебя своей тяжелой ручкой, и на другой день выслала Герасиму целковый. Она его жаловала как верного и сильного сторожа. Герасим порядком ее побаивался, но все-таки надеялся на ее милость и собирался уже отправиться к ней</p><p align="justify">Читатель теперь легко сам поймет причину смущения, овладевшего дворецким Гаврилой после разговора с госпожой &quot;Госпожа, - думал он, посиживая у окна, - конечно, жалует Герасима (Гавриле хорошо это было известно, и оттого он сам ему потакал), всё же он существо бессловесное; не доложить же госпоже, что вот Герасим, мол, за Татьяной ухаживает. Да и наконец, оно и справедливо, какой он муж? А с другой стороны, стоит этому, прости господи, лешему узнать, что Татьяну выдают за Капитона, ведь он всё в доме переломает, ей-ей. Ведь с ним не столкуешь; ведь его, чёрта этакого, согрешил я, грешный, никаким способом не уломаешь... право!..&quot;</p><p align="justify">Появление Капитона прервало нить Гаврилиных размы</p>	Всем привет	2015-06-11 12:25:41	\N
27	29	40	\N	<p>hlyg &nbsp;yyyyyyyy</p>	\N	2015-06-11 17:11:01	\N
28	\N	40	\N	<p>www</p>	yyyy	2015-06-11 17:11:32	\N
\.


--
-- Name: reviews_id_seq; Type: SEQUENCE SET; Schema: public; Owner: web
--

SELECT pg_catalog.setval('reviews_id_seq', 28, true);


--
-- Name: thread_id_seq; Type: SEQUENCE SET; Schema: public; Owner: web
--

SELECT pg_catalog.setval('thread_id_seq', 12, true);


--
-- Name: users_id_seq; Type: SEQUENCE SET; Schema: public; Owner: web
--

SELECT pg_catalog.setval('users_id_seq', 40, true);


--
-- Data for Name: vote; Type: TABLE DATA; Schema: public; Owner: web
--

COPY vote (id, rating_id, voter_id, value, created_at) FROM stdin;
44	20	10	3	2015-06-11 13:22:32
43	36	37	5	2015-06-11 10:37:55
42	35	37	2	2015-06-11 10:36:55
\.


--
-- Name: vote_id_seq; Type: SEQUENCE SET; Schema: public; Owner: web
--

SELECT pg_catalog.setval('vote_id_seq', 44, true);


--
-- Name: writers_id_seq; Type: SEQUENCE SET; Schema: public; Owner: web
--

SELECT pg_catalog.setval('writers_id_seq', 42, true);


--
-- PostgreSQL database dump complete
--

